Country Name,Country Code,Series Name,Series Code,2004 [YR2004],2005 [YR2005],2006 [YR2006],2007 [YR2007],2008 [YR2008],2009 [YR2009],2010 [YR2010],2011 [YR2011],2012 [YR2012],2013 [YR2013],2014 [YR2014],2015 [YR2015],2016 [YR2016],2017 [YR2017],2018 [YR2018],2019 [YR2019],2020 [YR2020],2021 [YR2021],2022 [YR2022],2023 [YR2023]
Afghanistan,AFG,CO2 emissions (metric tons per capita),EN.ATM.CO2E.PC,0.0548667587320485,0.0803611343666108,0.0897569086344725,0.109940042004685,0.165573354936329,0.239506900543419,0.304230215945755,0.408965290862913,0.335061035441608,0.29808781267706,0.283692395910162,0.297971774718822,0.268358772656602,0.281195815732375,0.299082634225993,0.297563650500103,0.223478872007068,..,..,..
Albania,ALB,CO2 emissions (metric tons per capita),EN.ATM.CO2E.PC,1.42794420369885,1.36009220693963,1.36398860235111,1.43379650688868,1.42824958589414,1.49211670359782,1.64276192996892,1.76810850906738,1.5659214019027,1.65638950333875,1.79571244233506,1.66521852478371,1.5900693334483,1.88055711291312,1.85464154039805,1.74946245713759,1.54455011524574,..,..,..
Algeria,DZA,CO2 emissions (metric tons per capita),EN.ATM.CO2E.PC,2.75275878150928,2.85792656968889,2.98514913079317,3.02350291507781,3.11677094713759,3.1870690441654,3.18435699969857,3.30523251701306,3.6213677179274,3.65846867891071,3.81152114717356,3.95196093867474,3.83383422168475,3.83368112626665,3.92429872230088,3.99440182789199,3.7182233703076,..,..,..
American Samoa,ASM,CO2 emissions (metric tons per capita),EN.ATM.CO2E.PC,..,..,..,..,..,..,..,..,..,..,..,..,..,..,..,..,..,..,..,..
Andorra,AND,CO2 emissions (metric tons per capita),EN.ATM.CO2E.PC,7.28675600847491,7.20627364517826,6.80540008227272,6.89038992938287,7.08182236539346,6.99539619780101,7.22359093387771,6.95758640724418,6.86229281962458,6.67423318900893,6.44593066279443,6.48576924149081,6.46528811690102,6.30209786421442,6.59405703011478,6.2872038038851,5.77714799227799,..,..,..
Angola,AGO,CO2 emissions (metric tons per capita),EN.ATM.CO2E.PC,0.929811079517077,0.812875087547097,0.821263801721427,0.811413505818644,0.888609844897006,0.939457360187463,0.975916771759854,0.983787081068222,0.947583107262692,1.0310436355189,1.0914970571178,1.12518536428885,1.01255212444657,0.829723216824015,0.755827619476188,0.753638205444169,0.592742967779037,..,..,..
Antigua and Barbuda,ATG,CO2 emissions (metric tons per capita),EN.ATM.CO2E.PC,4.65410876477369,4.71647322490578,4.9199579702083,5.11119781506048,5.14228057320633,5.36588828163816,5.43555633350837,5.25890993785239,5.35962771175035,5.34368396668814,5.34089380967323,5.45023960151655,5.5264785124332,5.48842722154545,5.5508261847074,5.52558159731646,5.12173012173012,..,..,..
Argentina,ARG,CO2 emissions (metric tons per capita),EN.ATM.CO2E.PC,3.65608487008491,3.73671686472615,3.92426184145235,4.08315143871477,4.15237520977984,3.84834822677955,4.09984413971278,4.28102814513,4.26411100150765,4.34225013023383,4.20911189491323,4.30191380564475,4.20181586904703,4.07011168693629,3.97565074444479,3.74202981162433,3.4056175404138,..,..,..
Armenia,ARM,CO2 emissions (metric tons per capita),EN.ATM.CO2E.PC,1.22769506270091,1.4639120044788,1.48330439988819,1.73226338897741,1.90569819009788,1.52171038249891,1.47188348205694,1.68560616406553,1.96145306391904,1.896163384039,1.89589367216507,1.85625278998956,1.7679664042068,1.88339587008485,2.01377938113001,2.1965523671897,2.40468376195106,..,..,..
Aruba,ABW,CO2 emissions (metric tons per capita),EN.ATM.CO2E.PC,..,..,..,..,..,..,..,..,..,..,..,..,..,..,..,..,..,..,..,..
Australia,AUS,CO2 emissions (metric tons per capita),EN.ATM.CO2E.PC,18.3688710453093,18.2784730852853,18.2927495943223,18.4547376555999,18.2392898668792,18.1572008366536,17.9737515176961,17.6560553381679,17.4056176654109,16.7945880965987,16.1557451398864,16.1984582210401,16.3203306101751,16.1491503049618,15.8657135218488,15.5990453615115,14.7761369066259,..,..,..
Austria,AUT,CO2 emissions (metric tons per capita),EN.ATM.CO2E.PC,9.27587070234996,9.2664055123168,8.962101510998,8.58876639792215,8.50023841866895,7.72122810060212,8.36562481018494,8.13618977833065,7.72385166247508,7.754017978913,7.26093085754911,7.3188595368183,7.29077721621103,7.48703675539348,7.14114021108032,7.26333120118199,6.63264573733546,..,..,..
Azerbaijan,AZE,CO2 emissions (metric tons per capita),EN.ATM.CO2E.PC,3.40840305784626,3.58006875718703,3.59340212503904,3.21952384836796,3.47440491133578,2.84957053250929,2.68511249642712,2.97414762017826,3.23916734726194,3.28557436862051,3.3815556221401,3.29279481365619,3.30395789547903,3.24303764763118,3.29264124897847,3.54349533028946,3.39884957289227,..,..,..
"Bahamas, The",BHS,CO2 emissions (metric tons per capita),EN.ATM.CO2E.PC,6.10541288120575,5.62270704189716,5.40627906449198,5.40084883662411,5.46093523890903,5.45703518748455,5.30283546582653,5.77589628257706,6.26680032769636,7.27447167120446,6.47314143566049,5.62112773970771,5.15359516738388,5.43882512154779,6.955357720462,6.48289363427156,6.04225147673512,..,..,..
Bahrain,BHR,CO2 emissions (metric tons per capita),EN.ATM.CO2E.PC,21.5097228271368,22.9440272485062,23.1574047277959,22.1050385764205,22.3013969557155,20.9564094542131,21.394806553811,21.465302946925,22.1841250870451,22.8688416095137,23.0965713649406,22.3856249935763,21.4953098652797,20.9460377778113,20.7379617303374,22.063354812112,21.9769078065259,..,..,..
Bangladesh,BGD,CO2 emissions (metric tons per capita),EN.ATM.CO2E.PC,0.21995504350196,0.232135396844242,0.251721897657564,0.263586594582306,0.285933318249804,0.305030148225566,0.340233253415489,0.361557397209346,0.387829234655971,0.408788178786231,0.42518945677671,0.46351707533422,0.50773927054082,0.541787825904309,0.586157624560863,0.559733655592985,0.510647559277094,..,..,..
Barbados,BRB,CO2 emissions (metric tons per capita),EN.ATM.CO2E.PC,4.76788141747826,4.92101366721464,4.98326707959693,5.03602953095298,5.93834247253654,5.84277788532129,5.39294021717368,5.50390945456393,5.31367103914959,5.19917649395915,4.62018861737053,4.56543549947318,4.63224343170081,4.22645037197291,4.54138182546266,4.16614319366122,3.90487115816925,..,..,..
Belarus,BLR,CO2 emissions (metric tons per capita),EN.ATM.CO2E.PC,5.72996540853549,5.84282870865483,6.12124572771216,5.99593994448043,6.32155697138482,6.01576102812717,6.47878137074492,6.16444733752901,6.3236304726789,6.34224947425193,6.29006780430576,5.799689168547,5.82946357939628,5.94640716888454,6.27957941620664,6.12342695003417,5.84240729590088,..,..,..
Belgium,BEL,CO2 emissions (metric tons per capita),EN.ATM.CO2E.PC,10.8770089098723,10.5892027545238,10.2466752332537,9.77872516634198,9.96411475547137,9.25341219597882,9.80881615729526,8.74124771793825,8.57803036878231,8.65194718679944,8.06155236787537,8.43483650630165,8.3106603919614,8.13943859065518,8.18436667928584,8.09379074556662,7.39813065774681,..,..,..
Belize,BLZ,CO2 emissions (metric tons per capita),EN.ATM.CO2E.PC,1.50517403574788,1.55256353098529,1.5973456078191,1.65425526545144,1.47511540185363,1.69334534377775,1.64914655423991,1.74001177405944,1.38047048142907,1.32699716845379,1.37284118807385,1.875949993192,1.77314715242858,1.71633844240485,1.64892976606136,1.89208291034323,1.74110771521393,..,..,..
Benin,BEN,CO2 emissions (metric tons per capita),EN.ATM.CO2E.PC,0.335218430325513,0.355804505818145,0.413132505759208,0.462339326907855,0.451087855355473,0.481569175037509,0.510824490694717,0.478348573672836,0.443845154791085,0.453634928841865,0.488570533867478,0.503586323811604,0.598485713029697,0.592940505290305,0.636814493777282,0.60823677321991,0.631204805964476,..,..,..
Bermuda,BMU,CO2 emissions (metric tons per capita),EN.ATM.CO2E.PC,..,..,..,..,..,..,..,..,..,..,..,..,..,..,..,..,..,..,..,..
Bhutan,BTN,CO2 emissions (metric tons per capita),EN.ATM.CO2E.PC,0.482329755335074,0.596119839052769,0.590410836823812,0.584949839645312,0.612726300024502,0.568786746894699,0.699034465554289,1.04327444061733,1.15635551796102,1.24573151741898,1.37487658839394,1.40204016284708,1.63838876655361,1.73186566700303,1.90828976926791,1.86720072342627,1.34005431673023,..,..,..
Bolivia,BOL,CO2 emissions (metric tons per capita),EN.ATM.CO2E.PC,1.01802473644732,1.05391821261955,1.12284170571674,1.22616760606775,1.28880928502976,1.35011163213736,1.43811128924503,1.53821869932666,1.60468176145447,1.68698792155035,1.78421940046278,1.8036741828399,1.8936936513003,1.89131542884796,1.88518817031758,1.85346150629409,1.53946469560316,..,..,..
Bosnia and Herzegovina,BIH,CO2 emissions (metric tons per capita),EN.ATM.CO2E.PC,3.75868361470096,3.96292696890333,4.41345994146009,4.71284540739284,5.26480755654016,5.30970279156727,5.46891071526031,6.34178452220087,5.97658267775681,6.03937627554934,5.46245548950622,5.56957873339682,6.42249063914649,6.59666334014239,6.65145351838121,6.28566395622831,6.31230587447531,..,..,..
Botswana,BWA,CO2 emissions (metric tons per capita),EN.ATM.CO2E.PC,2.1356204799673,2.260452333492,2.1189876725511,2.1961619276687,2.18834067313632,2.04323383587189,1.61197018259147,1.81971399746115,1.5695025110036,2.44513272580164,3.09192452937034,3.01483577574071,2.81808659692843,3.05495453485661,3.28847103849256,2.8796632558601,2.2634631138367,..,..,..
Brazil,BRA,CO2 emissions (metric tons per capita),EN.ATM.CO2E.PC,1.77844124428615,1.77566292246976,1.77747795657257,1.847975735626,1.93921527398251,1.79932814185315,2.02660566892286,2.11062775987293,2.2714176835721,2.4134465369818,2.51459195963426,2.36536062099671,2.16125984748939,2.18548661863967,2.06426147881772,2.05077012882977,1.94252335631484,..,..,..
British Virgin Islands,VGB,CO2 emissions (metric tons per capita),EN.ATM.CO2E.PC,..,..,..,..,..,..,..,..,..,..,..,..,..,..,..,..,..,..,..,..
Brunei Darussalam,BRN,CO2 emissions (metric tons per capita),EN.ATM.CO2E.PC,14.1568713397566,13.610767976396,20.1733868371923,18.8600335843358,20.5750348442928,20.1744250097999,18.1056575761325,18.2629898432402,17.9510321320893,17.5097521994064,16.9931550247686,15.1806794372587,16.358211618004,16.9430783961922,17.3623104307419,16.111932938856,21.7058124398664,..,..,..
Bulgaria,BGR,CO2 emissions (metric tons per capita),EN.ATM.CO2E.PC,6.12499125291893,6.26527946570375,6.44055496747674,6.97101972105159,6.67853087882768,5.76373544669494,6.04962491881996,6.75495160259586,6.16257736225904,5.45906018005221,5.82153390574504,6.2073775238782,5.83441898521035,6.20201084038645,5.82177716644055,5.61371010274005,4.92328037940501,..,..,..
Burkina Faso,BFA,CO2 emissions (metric tons per capita),EN.ATM.CO2E.PC,0.0843255941907382,0.0829691166706675,0.0978245547958745,0.114034801207882,0.125648814327492,0.123328900112728,0.129944787580944,0.132533051498824,0.157359014386809,0.167097517816553,0.164943646730665,0.203109100380761,0.207403201722726,0.233173679706721,0.252428280421403,0.26950158887331,0.253533188747507,..,..,..
Burundi,BDI,CO2 emissions (metric tons per capita),EN.ATM.CO2E.PC,0.0224141689005934,0.0217895175909076,0.0250189666226615,0.0241799187348301,0.0240030664007927,0.0227456280973839,0.0354239062608714,0.0379981118333185,0.0371804176191894,0.0361000266316517,0.0347596973886301,0.0341936179122354,0.0405380853018533,0.0474291236691765,0.057850230113233,0.0595713389942667,0.0583840218352736,..,..,..
Cabo Verde,CPV,CO2 emissions (metric tons per capita),EN.ATM.CO2E.PC,0.854941500216818,0.916142987295745,1.03972065650532,0.911372943714796,0.932130988211688,0.990229579666355,1.03738977613716,1.07445959497347,0.984520402199811,0.929732933288884,0.909030977373113,0.905343682877975,0.972252567183745,1.0349515181767,1.04113781114212,1.06961509800184,1.06515172319099,..,..,..
Cambodia,KHM,CO2 emissions (metric tons per capita),EN.ATM.CO2E.PC,0.182677644944201,0.200617774410201,0.219843343625088,0.266918394892055,0.290844275283909,0.335199714038263,0.357906397952816,0.368035016057832,0.383718004901722,0.382514750478394,0.456727603783544,0.546949078655501,0.708268456939398,0.799744091997512,0.845896953293299,1.11633042620485,1.13758365931038,..,..,..
Cameroon,CMR,CO2 emissions (metric tons per capita),EN.ATM.CO2E.PC,0.304746027031174,0.290376286289728,0.286834797138897,0.335938254203707,0.340494883097112,0.364009537832529,0.352871883318855,0.332610017187744,0.326477590782042,0.347933813621414,0.368742288253346,0.369370823329051,0.378493591541366,0.372071194814649,0.388794447700892,0.370691707164993,0.37478265803136,..,..,..
Canada,CAN,CO2 emissions (metric tons per capita),EN.ATM.CO2E.PC,16.7951576901417,17.0281072956225,16.5952042346131,17.3807042293862,16.5593366414317,15.5039646216605,15.7940671592831,15.9983215693798,15.7371988536414,15.8416956966325,15.8536844177013,15.6492103599944,15.4212605020165,15.5472632085172,15.6334755946572,15.0458384898173,13.5916963421093,..,..,..
Cayman Islands,CYM,CO2 emissions (metric tons per capita),EN.ATM.CO2E.PC,..,..,..,..,..,..,..,..,..,..,..,..,..,..,..,..,..,..,..,..
Central African Republic,CAF,CO2 emissions (metric tons per capita),EN.ATM.CO2E.PC,0.0549677799383642,0.0532451505571377,0.0545600360659769,0.0543472174704593,0.0383682695753725,0.0368492772546631,0.0375101903041308,0.0410395387003695,0.0413130857313568,0.0251122973629173,0.0271738337653223,0.0382625562500039,0.0420865723239598,0.0445090109733524,0.0449675942827757,0.0451882048419334,0.044282072685485,..,..,..
Chad,TCD,CO2 emissions (metric tons per capita),EN.ATM.CO2E.PC,0.0804181368643667,0.0796200944086824,0.07864464179353,0.0817422352570441,0.0925967305614442,0.096919588925941,0.100044330567654,0.0814813200159445,0.0967259186386791,0.112528284150601,0.108278189161726,0.104563037463065,0.10072718438851,0.0986485114163678,0.0998063984014571,0.0981963885605548,0.0942281870969025,..,..,..
Channel Islands,CHI,CO2 emissions (metric tons per capita),EN.ATM.CO2E.PC,..,..,..,..,..,..,..,..,..,..,..,..,..,..,..,..,..,..,..,..
Chile,CHL,CO2 emissions (metric tons per capita),EN.ATM.CO2E.PC,3.43190265230929,3.46014367204439,3.49859730051134,3.91463436960953,4.0807703429627,3.88812820095611,4.10188399757659,4.45280082368416,4.52160278209186,4.74008312428523,4.3285934591455,4.60323610513279,4.78352570264377,4.74380241866313,4.62965705867727,4.82762007480769,4.39515106359663,..,..,..
China,CHN,CO2 emissions (metric tons per capita),EN.ATM.CO2E.PC,3.94515487143877,4.46769636118185,4.91027619715946,5.30636800631315,5.43507909606652,5.79831993750282,6.33541976743751,6.90134732553428,7.04520023039603,7.32015492503154,7.30471287157582,7.14513153508327,7.10547993572515,7.22616015441748,7.53319313353674,7.64543578560038,7.75613790659769,..,..,..
Colombia,COL,CO2 emissions (metric tons per capita),EN.ATM.CO2E.PC,1.35921378531275,1.37815501028636,1.36051065966753,1.3787719381779,1.37618781817215,1.41424194119423,1.43131795380357,1.53989837625496,1.53384649831834,1.68098788159418,1.71582096359122,1.71939023077553,1.75379580314977,1.56507517599547,1.61039151744768,1.57782014077396,1.55225942282078,..,..,..
Comoros,COM,CO2 emissions (metric tons per capita),EN.ATM.CO2E.PC,0.263613431207563,0.248024660737696,0.284623704639648,0.18122901804023,0.181263602713394,0.218523781582056,0.255783325000305,0.223856874868484,0.233875244137415,0.274809727864019,0.240550116706688,0.254582205813075,0.292000343056851,0.366303251827578,0.389920045136433,0.412396679587249,0.407112182850678,..,..,..
"Congo, Dem. Rep.",COD,CO2 emissions (metric tons per capita),EN.ATM.CO2E.PC,0.0353859075208271,0.0390573006692614,0.0391013406100515,0.0410154869290338,0.0410170493286043,0.0389418230200258,0.0399736368901706,0.0439433708048075,0.0398223214302063,0.0539000662686987,0.0675486326218718,0.0410822170168305,0.029732419887336,0.0337552149879134,0.0323112350811435,0.0337148799163223,0.0325847808481787,..,..,..
"Congo, Rep.",COG,CO2 emissions (metric tons per capita),EN.ATM.CO2E.PC,0.991952609813345,1.17435858201244,1.25296493373365,1.04913418474551,1.06626268277451,1.13655123166942,1.22205762926656,1.17445818434384,1.11616022635727,1.10015273196348,1.04656126835517,1.11662104744781,1.0599164344115,1.01776241731516,1.14258944301682,1.25766214248646,1.25459166977367,..,..,..
Costa Rica,CRI,CO2 emissions (metric tons per capita),EN.ATM.CO2E.PC,1.39757336343115,1.45367568706039,1.49765701301822,1.71226744750417,1.66935403797623,1.5775366322261,1.53723769279563,1.5878028840627,1.57216378945795,1.62342547847402,1.61681138693653,1.53984215693524,1.61952841186564,1.63671577915361,1.62012119663525,1.56482445188662,1.35999554957394,..,..,..
Cote d'Ivoire,CIV,CO2 emissions (metric tons per capita),EN.ATM.CO2E.PC,0.294749452181012,0.309775086892795,0.293837436901418,0.285492261967837,0.319825943398114,0.291675665867515,0.300690689914348,0.28374179853428,0.365172194338829,0.386857284358351,0.399942510628685,0.415553147784264,0.396202600337942,0.425136558186376,0.399890358464121,0.414528305155615,0.406347356890383,..,..,..
Croatia,HRV,CO2 emissions (metric tons per capita),EN.ATM.CO2E.PC,4.90003716953956,4.97547066281993,5.00985929769698,5.30646136841834,5.04124992313859,4.71661934771151,4.52977084699612,4.4450549476221,4.07797621028232,3.99714358826503,3.83079514409838,3.94953949039919,4.04297771940008,4.22057683649365,4.02006632837905,4.06451947763153,3.86070539173057,..,..,..
Cuba,CUB,CO2 emissions (metric tons per capita),EN.ATM.CO2E.PC,2.25961119592948,2.34017723811087,2.37821507322414,2.45588087972843,2.37190985339653,2.39113335463347,2.48972203595315,2.44154421168434,2.53693202667895,2.54997116568281,2.35413332090837,2.57584418337596,2.39608281140947,2.31478144967474,2.35469857464228,2.15774090266798,2.15276967847473,..,..,..
Curacao,CUW,CO2 emissions (metric tons per capita),EN.ATM.CO2E.PC,..,..,..,..,..,..,..,..,..,..,..,..,..,..,..,..,..,..,..,..
Cyprus,CYP,CO2 emissions (metric tons per capita),EN.ATM.CO2E.PC,7.63612661041108,7.61844518456949,7.57922303347046,7.73564471776458,7.77259037523229,7.44940925710233,6.9916773333475,6.66727215248462,6.13787832149935,5.50803449623297,5.78745024405371,5.77109022303079,6.02664204541186,6.09107149801866,5.9061510578579,5.85187933947248,5.47199800894842,..,..,..
Czechia,CZE,CO2 emissions (metric tons per capita),EN.ATM.CO2E.PC,12.1393325416704,11.9372266731014,11.9694049314844,12.0822291623862,11.4321462264855,10.8432395602577,10.8996688118949,10.5963383691143,10.2104838030651,9.78767716870935,9.49713106845789,9.59291997133716,9.74775352506433,9.77398706755375,9.66462802005809,9.15611790623386,8.30401749583889,..,..,..
Denmark,DNK,CO2 emissions (metric tons per capita),EN.ATM.CO2E.PC,9.94122885590458,9.26331394138722,10.6917586613287,9.77973200464786,9.12471027761107,8.67875710991754,8.67475665065938,7.73672793386388,6.83460751287831,7.11686267972613,6.34715312817014,5.93032476740055,6.16973434054759,5.75613445319845,5.71891295897775,5.10738642637222,4.69123730751634,..,..,..
Djibouti,DJI,CO2 emissions (metric tons per capita),EN.ATM.CO2E.PC,0.483642544414344,0.51669292456861,0.510775762828135,0.543460672495019,0.537215450239329,0.516589113564154,0.564730814546143,0.506932561637299,0.516191500130463,0.575032955905462,0.406607305525196,0.443772428370827,0.386480086703197,0.387797733776952,0.392452501801933,0.398763866464803,0.392329171237878,..,..,..
Dominica,DMA,CO2 emissions (metric tons per capita),EN.ATM.CO2E.PC,2.10429608889667,2.16093426915572,2.25917197637543,2.38458742275536,2.40906051001716,2.38126390160932,2.50890844302233,2.21262110500131,2.42422482870747,2.49059126113428,2.59474420146747,2.58402731155456,2.60435247948626,2.35217249264946,2.33398754641854,2.43741949935599,2.26126814362109,..,..,..
Dominican Republic,DOM,CO2 emissions (metric tons per capita),EN.ATM.CO2E.PC,1.91108672918118,2.03941878288681,2.19389610356038,2.19382557667849,2.16123200504718,2.03742492921635,2.1155194662714,2.11171803128455,2.16147493311157,2.09580517022116,2.08621475250958,2.26704601804065,2.33609927132434,2.21196208145507,2.35622376638923,2.36863439614581,2.08018172191441,..,..,..
Ecuador,ECU,CO2 emissions (metric tons per capita),EN.ATM.CO2E.PC,1.93413278108917,2.04940271656989,2.15048674568552,2.14961090975302,2.18586215975846,2.34002900134208,2.48532564443912,2.43452304700543,2.39507751382518,2.5250351571193,2.61945204390978,2.55560326309705,2.42048080897419,2.30876380731708,2.36682982605683,2.28505501120289,1.95757534925331,..,..,..
"Egypt, Arab Rep.",EGY,CO2 emissions (metric tons per capita),EN.ATM.CO2E.PC,1.86402703826597,2.05142540699493,2.11764478262158,2.23058230448758,2.26531923876528,2.31178994450876,2.29579094849789,2.30680689946667,2.35642277493464,2.29022523426049,2.29224576651155,2.31554239924709,2.35935349574476,2.40241649556664,2.29401624327717,2.06316078338081,1.96112257208929,..,..,..
El Salvador,SLV,CO2 emissions (metric tons per capita),EN.ATM.CO2E.PC,1.10622625050637,1.13224696939308,1.19895214730921,1.26221618955645,1.13870917399337,1.09614085134131,1.069539358139,1.10449967893304,1.09905573330516,1.04367501384658,1.0616269261132,1.12301811600134,1.13992298228465,1.01248608906763,1.09058747913992,1.25994054027114,1.01328024350636,..,..,..
Equatorial Guinea,GNQ,CO2 emissions (metric tons per capita),EN.ATM.CO2E.PC,6.67703347834768,6.48748852237587,6.16775897983031,6.66748171928323,5.84549700443531,5.81218872342831,5.52550697837599,5.31990550311553,4.91682556491259,4.81534092050989,4.59132029991129,4.07892363098592,4.16755127322584,3.70119404919301,3.37429623105391,3.13998883473672,2.72573085162172,..,..,..
Eritrea,ERI,CO2 emissions (metric tons per capita),EN.ATM.CO2E.PC,0.254601648848774,0.208293016429521,0.183872534671623,0.176517547864648,0.149482047748687,0.151701358804211,0.159781963302408,0.18577614829918,0.192258737328583,0.178812007279529,0.178195686678652,0.170927836656581,0.172496431953649,0.171174998152745,0.196698529680667,0.199267295412336,0.198657542968412,..,..,..
Estonia,EST,CO2 emissions (metric tons per capita),EN.ATM.CO2E.PC,12.2967964478368,12.4062667232566,11.9467482421425,14.7431154339589,13.0742881930162,10.5265958044683,13.8946656903059,13.9385689285911,12.8442211967073,14.2993496950297,13.3847833280717,10.929773066435,12.0894671642131,12.7324303316269,11.8889360404909,7.58212010267556,5.33839981587368,..,..,..
Eswatini,SWZ,CO2 emissions (metric tons per capita),EN.ATM.CO2E.PC,0.924782597272942,0.916608669205494,0.919428245347882,0.945195976413458,0.922678851606155,0.951971255454906,0.772056149538148,0.737218544723898,0.725452654384746,0.855748672784778,0.868132502564695,0.895905941781547,0.976784732749597,0.960404380791912,0.952924265874315,0.999903386846761,0.972087527685903,..,..,..
Ethiopia,ETH,CO2 emissions (metric tons per capita),EN.ATM.CO2E.PC,0.0708383442212328,0.0651801201859715,0.0678219197764366,0.0727289934281699,0.0769075705004338,0.0753207992315423,0.0725387745198668,0.0822442858627317,0.090618147260683,0.104968497193462,0.125220099867699,0.127315885004371,0.144807033553953,0.146790211829337,0.153230325883588,0.155169188831947,0.154431771590205,..,..,..
Faroe Islands,FRO,CO2 emissions (metric tons per capita),EN.ATM.CO2E.PC,..,..,..,..,..,..,..,..,..,..,..,..,..,..,..,..,..,..,..,..
Fiji,FJI,CO2 emissions (metric tons per capita),EN.ATM.CO2E.PC,1.5225673651831,1.2242220172518,1.35887566627373,1.26739183156533,0.962830547845452,0.850581828146304,1.24429802611446,1.16232089876755,1.09048919993107,1.16798565443433,1.32552754598279,1.37788922808548,1.30513703067714,1.44839225304373,1.50947338182103,1.51720533716581,1.11709628844161,..,..,..
Finland,FIN,CO2 emissions (metric tons per capita),EN.ATM.CO2E.PC,12.9458059145721,10.5717089431837,12.7272102369268,12.3097271173365,10.6636260517985,10.148381558573,11.6580824827459,10.2302556366865,9.12603706225985,9.2280857485569,8.45218320494398,7.81369792414716,8.31624752993602,7.80931895529113,8.04918842721228,7.42303960115952,6.57014512772575,..,..,..
France,FRA,CO2 emissions (metric tons per capita),EN.ATM.CO2E.PC,6.02631953482719,6.02667784171445,5.84238818030875,5.67076460296602,5.5640399420339,5.31413736475439,5.35040786583849,5.12710544623814,5.15235849401422,5.12789942785166,4.61480713608279,4.67593508663906,4.70347567349874,4.74791692880333,4.57051742845134,4.46016494835631,3.95368245187991,..,..,..
French Polynesia,PYF,CO2 emissions (metric tons per capita),EN.ATM.CO2E.PC,..,..,..,..,..,..,..,..,..,..,..,..,..,..,..,..,..,..,..,..
Gabon,GAB,CO2 emissions (metric tons per capita),EN.ATM.CO2E.PC,4.29825489905512,4.1542068346964,3.61862027747791,3.18827777469489,3.29540156177147,3.149348489485,3.36746722147384,3.259317348378,3.05001075295162,3.0439443052508,3.03126056572549,3.01491187897365,3.05995668692354,2.4972724702892,2.33593611713804,2.35176354398661,2.33327357514897,..,..,..
"Gambia, The",GMB,CO2 emissions (metric tons per capita),EN.ATM.CO2E.PC,0.195134053869652,0.198449982172627,0.208730936940117,0.231743407353349,0.234930037318557,0.25818385309983,0.224129253719787,0.223649943049086,0.219746202597362,0.202647786757678,0.231519233044574,0.260037911654572,0.255997956159271,0.252941606311487,0.244507377758581,0.241900479217245,0.237529598930845,..,..,..
Georgia,GEO,CO2 emissions (metric tons per capita),EN.ATM.CO2E.PC,0.858876491467507,1.08728602328423,1.21156690368155,1.45760873000535,1.25733769630311,1.47448405641855,1.40547363862154,1.73616463029767,1.92900055083653,2.15834227262897,2.32671060548785,2.52314190948536,2.63275300770891,2.65748105420488,2.60970672866505,2.83579124666916,2.75470919618902,..,..,..
Germany,DEU,CO2 emissions (metric tons per capita),EN.ATM.CO2E.PC,9.9504461302536,9.7294631214949,9.88647957169216,9.52762326749987,9.61745788706108,8.97173140678443,9.45338862684134,9.29900290355714,9.45128904680279,9.62422936749002,9.08852776834501,9.08734480366678,9.07297238768971,8.8583445114547,8.53704268780674,7.9271876239049,7.2552210281684,..,..,..
Ghana,GHA,CO2 emissions (metric tons per capita),EN.ATM.CO2E.PC,0.270459231082872,0.281420357807598,0.33761806891556,0.355086315690019,0.327504378324389,0.373547709685179,0.405971224942882,0.412238583609724,0.479415246317012,0.504973606930306,0.474057677945499,0.496024739617925,0.492155067910077,0.500789782048743,0.543393316646713,0.572264895729339,0.602887453142675,..,..,..
Gibraltar,GIB,CO2 emissions (metric tons per capita),EN.ATM.CO2E.PC,..,..,..,..,..,..,..,..,..,..,..,..,..,..,..,..,..,..,..,..
Greece,GRC,CO2 emissions (metric tons per capita),EN.ATM.CO2E.PC,9.11394933209897,9.27863716282251,9.13788494425138,9.44111462280805,9.06364335794312,8.52976096102131,7.87481473681996,7.61350463430599,7.25081215401234,6.61037895212413,6.38505903145612,6.28508782508784,6.20348737018687,6.21083158316487,6.05813051890443,5.59528435262632,4.76718493701839,..,..,..
Greenland,GRL,CO2 emissions (metric tons per capita),EN.ATM.CO2E.PC,..,..,..,..,..,..,..,..,..,..,..,..,..,..,..,..,..,..,..,..
Grenada,GRD,CO2 emissions (metric tons per capita),EN.ATM.CO2E.PC,1.97961941634099,2.06795218314075,2.12545500414459,2.2447974938465,2.32489909137787,2.31701825181679,2.39917922815879,2.26509337092536,2.40354751880737,2.71153106161016,2.14881497304445,2.29114136829719,2.31232182451695,2.37758536565195,2.62890067138331,2.82096411459861,2.62406702085507,..,..,..
Guam,GUM,CO2 emissions (metric tons per capita),EN.ATM.CO2E.PC,..,..,..,..,..,..,..,..,..,..,..,..,..,..,..,..,..,..,..,..
Guatemala,GTM,CO2 emissions (metric tons per capita),EN.ATM.CO2E.PC,0.850047957326968,0.892596490718621,0.874124842110202,0.923216168681838,0.82044214919553,0.848874193850226,0.804898452539667,0.810858922089052,0.824228643300048,0.867210613999047,0.914557101787262,1.05707310890778,1.1026182595186,1.02751728089616,1.10575367270347,1.14537281500282,1.00040733564819,..,..,..
Guinea,GIN,CO2 emissions (metric tons per capita),EN.ATM.CO2E.PC,0.197845361458643,0.2008290049774,0.203780561323598,0.207236095803933,0.205812295464573,0.211958041867326,0.243682823651839,0.24902846886389,0.228832188369081,0.195379103300369,0.196384745395564,0.216953417676487,0.235227854196447,0.271355057259789,0.297494261984837,0.350765779082478,0.34364615086247,..,..,..
Guinea-Bissau,GNB,CO2 emissions (metric tons per capita),EN.ATM.CO2E.PC,0.15248598932895,0.151843173181669,0.153243320267225,0.158489202879967,0.150225304364126,0.153614860175118,0.153775475044984,0.151334634749042,0.148845809657673,0.145722021990242,0.151206699443415,0.157581198477963,0.166253123378351,0.16310020182719,0.165094768449133,0.16508860634868,0.163208368967987,..,..,..
Guyana,GUY,CO2 emissions (metric tons per capita),EN.ATM.CO2E.PC,2.19837879919624,1.95022041334248,1.75746043802011,2.12181816499476,2.1265000331499,2.16596695143346,2.35221918570137,2.46106714322185,2.6893702131549,2.64322603087956,2.74710077684509,2.7547610627908,3.26523837188623,3.24113136945596,3.29351227349226,3.50033114116629,3.47277101663067,..,..,..
Haiti,HTI,CO2 emissions (metric tons per capita),EN.ATM.CO2E.PC,0.185995876354923,0.187095995346744,0.185489594107155,0.2171147200893,0.211931869747068,0.204652562349971,0.249743977372476,0.270992108746441,0.238940563023005,0.258338055000553,0.290138810726091,0.310537245413729,0.314036533462437,0.30618371925255,0.298729952296593,0.297241022260954,0.283815024249564,..,..,..
Honduras,HND,CO2 emissions (metric tons per capita),EN.ATM.CO2E.PC,1.02361958375043,0.921871350193328,1.0296054330424,1.07718353624511,1.05990327800926,0.975305721598656,0.937979274004421,1.09833523997205,1.13568962715046,1.08083592531217,1.08285131015576,1.13380970799413,1.09871281471182,0.974047356339701,0.922234078945353,1.02385531471622,0.872911171700029,..,..,..
"Hong Kong SAR, China",HKG,CO2 emissions (metric tons per capita),EN.ATM.CO2E.PC,..,..,..,..,..,..,..,..,..,..,..,..,..,..,..,..,..,..,..,..
Hungary,HUN,CO2 emissions (metric tons per capita),EN.ATM.CO2E.PC,5.57524349603736,5.54385244865578,5.50645046304525,5.35516886805399,5.28125195503412,4.77309893092146,4.78803898751033,4.7040297031798,4.37758218903705,4.12031356861289,4.11750182537459,4.40759693053804,4.50869128796621,5.05210173390467,5.03325434726835,4.8368762665486,4.59165290704788,..,..,..
Iceland,ISL,CO2 emissions (metric tons per capita),EN.ATM.CO2E.PC,7.90892034210508,7.62046142336234,7.61022707072835,7.64836342861545,6.87628775038278,6.61854511317147,6.15997308523115,5.91933269386297,5.79921176367877,6.27555874031702,6.25408539155614,6.21948823360488,4.86824728192011,4.86604542807222,4.81768876817655,4.54345010442003,3.94746536485266,..,..,..
India,IND,CO2 emissions (metric tons per capita),EN.ATM.CO2E.PC,0.955470157428994,0.984261472618751,1.03653392155165,1.1235994817209,1.18036124666151,1.27887360284089,1.33803383522422,1.39687849773199,1.49820412282441,1.52767440026001,1.64246527737333,1.63132348717228,1.63991401876928,1.70492672078233,1.79559529858433,1.75253436625037,1.57609323191648,..,..,..
Indonesia,IDN,CO2 emissions (metric tons per capita),EN.ATM.CO2E.PC,1.51030150470751,1.49536891530725,1.57235136177763,1.61781217779373,1.58083241547306,1.62287572364692,1.70290597910492,1.92554222355036,1.92545004760659,1.77040203245853,1.89142782676209,1.88756448144649,1.84830385185678,1.94857443086369,2.12683683837158,2.24528577070833,2.07165896221472,..,..,..
"Iran, Islamic Rep.",IRN,CO2 emissions (metric tons per capita),EN.ATM.CO2E.PC,6.04764373362858,6.42318378827662,6.79304015839326,7.10933265530428,7.13393012945701,7.29652191655885,7.1798251528995,7.23119486664987,7.2308576752779,7.43960075518748,7.57057831407027,7.32579213851096,7.28896617589145,7.41290262847642,7.44512790495015,7.22298000274987,7.06335132057733,..,..,..
Iraq,IRQ,CO2 emissions (metric tons per capita),EN.ATM.CO2E.PC,3.16265711110125,2.96626493396004,2.86996567828519,2.67437989619791,3.01646761331506,3.11021742518086,3.47195694849252,3.49124674266319,3.80943176187109,3.92042117367214,3.6478560889955,3.52694421151988,3.70255080483218,3.94880897233655,4.14268046621517,4.34726413932218,3.84217781974399,..,..,..
Ireland,IRL,CO2 emissions (metric tons per capita),EN.ATM.CO2E.PC,10.9790475404286,11.2142943339694,11.0593877607848,10.5945475071051,10.2262724232127,8.9481685637902,8.84787907428585,7.96668794720795,8.04636035875816,7.71834346349422,7.63385246922327,7.88760935074481,8.2033757874051,7.84814955647433,7.69902755440575,7.25774875667262,6.76822759018266,..,..,..
Isle of Man,IMN,CO2 emissions (metric tons per capita),EN.ATM.CO2E.PC,..,..,..,..,..,..,..,..,..,..,..,..,..,..,..,..,..,..,..,..
Israel,ISR,CO2 emissions (metric tons per capita),EN.ATM.CO2E.PC,9.27594360405346,8.80397108266836,9.12017806257709,9.27534435453545,9.12707968476357,8.7805519931602,9.25026234324991,8.99106338046306,9.61547310536628,8.31348098517278,7.8773324245043,7.9133542559158,7.63316171308214,7.56387361849127,6.91499302021885,6.9357521537442,6.34521600416707,..,..,..
Italy,ITA,CO2 emissions (metric tons per capita),EN.ATM.CO2E.PC,8.18934076598023,8.17381434687257,8.02584391412222,7.86078687080444,7.5643247964943,6.71892118781227,6.83687516276224,6.6805503702131,6.32766192019354,5.75187766207853,5.38744255964141,5.56329428886422,5.49824437749353,5.43791206092819,5.37694036055885,5.31103098673157,4.73237277079935,..,..,..
Jamaica,JAM,CO2 emissions (metric tons per capita),EN.ATM.CO2E.PC,3.96843271682237,3.94629833502873,4.48376374709071,4.45335646361405,3.55000953391511,2.89780969078398,2.73594899001279,2.74178318959977,2.5215440009247,2.66929522571795,2.58257818248811,2.53671122530592,2.69365735479601,2.57266121060713,3.05458890724385,2.98328969678791,2.06904180772051,..,..,..
Japan,JPN,CO2 emissions (metric tons per capita),EN.ATM.CO2E.PC,9.44956363835599,9.51276404248159,9.33129428879816,9.5936031749752,9.04895324957248,8.60923098549751,9.03600999453424,9.49500989572333,9.82785573811594,9.94449527247048,9.56430591784783,9.26804964566898,9.16671440712644,9.06369120751032,8.76197885041518,8.47840057488964,8.0314958696668,..,..,..
Jordan,JOR,CO2 emissions (metric tons per capita),EN.ATM.CO2E.PC,3.35854651750237,3.49896645859653,3.31937135547279,3.25796556615731,3.01664150662918,3.04771349221952,2.91387220039999,2.91931904168507,3.34494706846206,3.09347308459958,2.95137713839159,2.66573038027454,2.4817715734492,2.54731566057105,2.36236318537572,2.16362144761182,1.9191724264898,..,..,..
Kazakhstan,KAZ,CO2 emissions (metric tons per capita),EN.ATM.CO2E.PC,10.5261951921084,11.1716693748985,12.1046688726905,12.8125768525733,15.3412531633198,13.274060944687,14.0732754184079,14.824684750479,14.5663225959365,15.2631047859855,12.1042254914238,10.8910512947587,11.3788397304605,11.9137581041033,11.8675495659661,11.0508703486337,11.2977433059429,..,..,..
Kenya,KEN,CO2 emissions (metric tons per capita),EN.ATM.CO2E.PC,0.220244197518061,0.242937186357954,0.264463997037475,0.25945667922109,0.265693416128019,0.307805552827632,0.323340092266238,0.327520882772203,0.296879604689277,0.32120873806002,0.364375325524079,0.386120073710359,0.403178474765564,0.41058150997657,0.385437968227287,0.382362032876395,0.374079219355755,..,..,..
Kiribati,KIR,CO2 emissions (metric tons per capita),EN.ATM.CO2E.PC,0.527934818756235,0.629558697689581,0.682433580128493,0.570599423518108,0.615585864609584,0.552851050983056,0.502801055604426,0.493305785876164,0.516941711910265,0.563052130861081,0.522676870896204,0.520105906243841,0.47842852682828,0.60401123278111,0.598719133656685,0.592397034795277,0.449933972782553,..,..,..
"Korea, Dem. People's Rep.",PRK,CO2 emissions (metric tons per capita),EN.ATM.CO2E.PC,3.10342466239619,3.22303049726356,3.25705060385766,2.69471327291361,2.9764747274383,2.24790512250489,2.09385437792051,1.49690186597376,1.54627754917375,1.10508359411769,1.24266246960187,0.993803353113853,1.10784288896746,2.12750106098759,1.95495002388823,2.15676369121383,2.02714861876503,..,..,..
"Korea, Rep.",KOR,CO2 emissions (metric tons per capita),EN.ATM.CO2E.PC,10.1057434199735,9.98249418522252,10.0716206095789,10.3462645909905,10.496943534961,10.6806453781635,11.6078298406397,11.9848036225426,11.95852704987,11.8900369278382,11.5887156236236,11.9146864937447,12.0162045997951,12.1914934200949,12.2164561683734,11.8252835873752,10.9900295814285,..,..,..
Kosovo,XKX,CO2 emissions (metric tons per capita),EN.ATM.CO2E.PC,..,..,..,..,..,..,..,..,..,..,..,..,..,..,..,..,..,..,..,..
Kuwait,KWT,CO2 emissions (metric tons per capita),EN.ATM.CO2E.PC,28.7524245628357,31.2743160852875,30.6497944283025,28.1635443872172,28.6115061506717,27.7777897014899,27.4263799553979,26.4935548257298,25.1324210974698,23.9581430833469,22.7499904295637,22.7750200000358,22.5726979547119,21.9104008238737,21.4612299449757,21.1352142487222,21.1696102506992,..,..,..
Kyrgyz Republic,KGZ,CO2 emissions (metric tons per capita),EN.ATM.CO2E.PC,1.08878092738065,1.02797040251036,1.0275755020696,1.22866524941159,1.39912008573524,1.2510170341612,1.17373666917528,1.39455264207739,1.80945926665716,1.65308762850549,1.687687430383,1.72348033373063,1.59151245990624,1.52286147591236,1.78825836654647,1.55159381679626,1.37997537956504,..,..,..
Lao PDR,LAO,CO2 emissions (metric tons per capita),EN.ATM.CO2E.PC,0.209981784507973,0.214810600430209,0.276259027648268,0.287071693271104,0.333808083331744,0.407307947280307,0.454991272125297,0.474258871157907,0.502688435953585,0.630353375423551,0.649260982740074,1.3076988469402,2.27853328869775,2.72288168036289,2.76759794432264,2.65817514097581,2.6202834413044,..,..,..
Latvia,LVA,CO2 emissions (metric tons per capita),EN.ATM.CO2E.PC,3.36548361069355,3.44604406201718,3.69638430604272,3.87751809391794,3.72287608355585,3.43848652616254,4.06096622019446,3.83418240149458,3.72149107391712,3.7027854362936,3.65250564003487,3.69951965257617,3.64642259880778,3.66415617367092,4.03969750525899,3.95496550880907,3.64561216849281,..,..,..
Lebanon,LBN,CO2 emissions (metric tons per capita),EN.ATM.CO2E.PC,3.90821712963439,3.72145945633942,3.43944232291439,3.12699080673519,3.81495016074309,4.42377353879464,4.17636814924537,4.19719820751246,4.53236241673727,4.0931695513758,4.00854782860099,4.2220742810528,4.43470037080065,4.77487260306172,4.60461121532611,4.65529798386588,3.79219353680069,..,..,..
Lesotho,LSO,CO2 emissions (metric tons per capita),EN.ATM.CO2E.PC,0.942840276742434,0.96160459264174,0.972794139964994,0.987816775188874,1.00620847773499,1.0460543637693,1.0672615013148,1.41592607660586,1.42092491524384,1.06391750191303,1.12111154701939,1.01212119209581,0.991756970565407,1.10673601100517,1.03575177080068,1.03342675704115,1.02564216316934,..,..,..
Liberia,LBR,CO2 emissions (metric tons per capita),EN.ATM.CO2E.PC,0.178920570949643,0.204450393378722,0.198862822419537,0.176470102457099,0.142752677339466,0.136704475673395,0.181534325251321,0.202858065364792,0.217960911781409,0.204460357783604,0.266650558326574,0.270535774876424,0.297038076350742,0.264435600737267,0.230417244192579,0.229916460209228,0.231838923937177,..,..,..
Libya,LBY,CO2 emissions (metric tons per capita),EN.ATM.CO2E.PC,8.52192758128569,9.07917559240464,8.86106316217866,8.10137215960764,8.55374680694949,8.86828713162859,9.17432379727135,6.70741994514661,9.93464931932053,9.98581338934686,9.72308866003998,8.28960787179427,7.75123857963044,8.16760242329375,8.35162531436247,8.32576759513649,6.68280547080212,..,..,..
Liechtenstein,LIE,CO2 emissions (metric tons per capita),EN.ATM.CO2E.PC,6.68777930029154,6.61752801780193,6.62446043165468,5.71248719772404,6.20140298296658,5.75682334968465,5.31176415409453,4.88496485119788,5.07671406656622,5.23134507960659,4.34707704334699,4.27717290857984,3.98410635752081,4.1112037002824,3.74401935517666,3.8726083883374,3.66384799772938,..,..,..
Lithuania,LTU,CO2 emissions (metric tons per capita),EN.ATM.CO2E.PC,3.52820118001525,3.86127671459804,3.9816704379235,4.08802170276057,4.08550852017881,3.69662046036,4.06905151032421,3.91187256758743,3.99153483213082,3.83106540275195,3.70448173779067,3.80989428243904,3.90592668442674,3.96768070179532,4.15931506316341,4.20015196105273,4.18400041504391,..,..,..
Luxembourg,LUX,CO2 emissions (metric tons per capita),EN.ATM.CO2E.PC,25.4527990918914,25.6104377437344,24.7911187655643,23.1553376820079,22.5570449196767,20.9788200882714,21.7556657126006,21.0415030857707,20.1489417002859,18.7229461130742,17.3339397000642,16.0346486330854,15.1987752871924,15.1030627029057,15.331523974011,15.3230398015487,12.4569532326913,..,..,..
"Macao SAR, China",MAC,CO2 emissions (metric tons per capita),EN.ATM.CO2E.PC,..,..,..,..,..,..,..,..,..,..,..,..,..,..,..,..,..,..,..,..
Madagascar,MDG,CO2 emissions (metric tons per capita),EN.ATM.CO2E.PC,0.0901627514537192,0.0909761836458385,0.0846028270674267,0.0864794796556158,0.0867882812762402,0.0798509567510527,0.0860427702237899,0.0981687170817389,0.119381317969332,0.124225069169491,0.124323710925382,0.132173016426922,0.124763836603653,0.133017230488787,0.123102264831808,0.142653575143316,0.0972695405949093,..,..,..
Malawi,MWI,CO2 emissions (metric tons per capita),EN.ATM.CO2E.PC,0.0723991007580002,0.0669763699970397,0.0657054298241381,0.0687038303168998,0.0727097878723976,0.0725012189721582,0.0668862463652693,0.0708162777809249,0.0690843116512275,0.0720340847219384,0.0634544336358019,0.0643204280409013,0.0702973935321135,0.0779926724021984,0.087620331640832,0.0871188127927116,0.0846361581872504,..,..,..
Malaysia,MYS,CO2 emissions (metric tons per capita),EN.ATM.CO2E.PC,6.230942287027,6.44099632087228,6.54985834654279,6.99322959136745,7.31840781345023,6.43127859159965,6.95970722756613,6.93531995622416,6.92563492128782,7.40295101276076,7.71943595304507,7.60342044388986,7.34842125102826,7.03982567319804,7.4523713820598,7.46499971649816,7.38371541222915,..,..,..
Maldives,MDV,CO2 emissions (metric tons per capita),EN.ATM.CO2E.PC,2.29400764558889,2.04189982346312,2.51430497994599,2.49318725663281,2.58428000225598,2.62608262161318,2.6633478531425,2.70483922657836,2.95350919520358,2.8161246531313,3.25192327073605,3.07473678893985,3.22706339212596,3.27257102459138,3.62648491704066,3.96326718307737,2.82638529813116,..,..,..
Mali,MLI,CO2 emissions (metric tons per capita),EN.ATM.CO2E.PC,0.11380180120836,0.113864739038603,0.116100505734889,0.13048870698148,0.138587298830736,0.129311993539389,0.138706606613704,0.146305418780636,0.152028312737626,0.165466627828822,0.180858798982259,0.184608688158118,0.18227704163816,0.187961952954622,0.194032415889438,0.191438655613848,0.195565971417317,..,..,..
Malta,MLT,CO2 emissions (metric tons per capita),EN.ATM.CO2E.PC,6.47447591136098,6.50366239593496,6.53971794289775,6.67676360381979,6.65471360279839,6.08494534240697,6.24016906790701,6.1813543198132,6.46528326682983,5.56733268070062,5.42229115561099,3.72337676636266,2.96976431627123,3.25043429579978,3.20347481583889,3.29046823605033,3.12555789277592,..,..,..
Marshall Islands,MHL,CO2 emissions (metric tons per capita),EN.ATM.CO2E.PC,2.19160466611555,2.18819588862101,2.30593270365998,2.44642658869684,2.47695852534562,2.561901740899,2.63591433278418,2.66372165902097,2.66268222132828,2.77107026016514,2.85804954481445,2.96093908115766,3.03130625504356,3.16400703583614,3.28556828806889,3.40502593453765,2.53380323866123,..,..,..
Mauritania,MRT,CO2 emissions (metric tons per capita),EN.ATM.CO2E.PC,0.479709493225185,0.480686239360501,0.473642173301627,0.54444130156004,0.555803665316565,0.600340213855588,0.606440605697799,0.619394373099063,0.647779648212253,0.561374035889787,0.65948093945265,0.751732037240701,0.637776445066376,0.819299930408905,0.870135939862018,0.872475306517173,0.855176405836122,..,..,..
Mauritius,MUS,CO2 emissions (metric tons per capita),EN.ATM.CO2E.PC,2.26887239425292,2.41139047786533,2.67764239106124,2.73888176310673,2.78654568164994,2.74428444424492,2.92850287907869,2.90561192714172,2.96604298811513,3.032741374202,3.13144223633215,3.13640499208554,3.19328156664269,3.30021575049787,3.26641523984712,3.296800515014,2.93851410805884,..,..,..
Mexico,MEX,CO2 emissions (metric tons per capita),EN.ATM.CO2E.PC,3.98382568810155,4.09880078414754,4.19418339721868,4.22076132665352,4.18972731869134,4.03759396221293,4.11321091425038,4.19098978654326,4.20241354590373,4.05605522675517,3.8923552480392,3.92536832553423,3.92032302445388,3.86275941197886,3.58748930492536,3.6121651406375,3.04076637477226,..,..,..
"Micronesia, Fed. Sts.",FSM,CO2 emissions (metric tons per capita),EN.ATM.CO2E.PC,1.3433478705648,1.10149630430864,1.09518499378972,1.23799437607275,1.0772372681778,1.41098379500871,0.977804216083578,1.10578661006423,1.22329810037697,1.27521660267565,1.2932932198415,1.32374705377209,1.33818512622242,1.32844335778321,1.33238377701052,1.33059194282585,0.958913885073056,..,..,..
Moldova,MDA,CO2 emissions (metric tons per capita),EN.ATM.CO2E.PC,2.68502701808653,2.82992123531275,2.76820248201385,2.83171653331821,2.84087641211601,2.6658052996409,2.89799933900559,2.91694442512127,2.84488750225499,2.5114021117949,2.69863514608188,2.82816016203229,2.90490891435674,2.92684095356072,3.16042055213444,3.34866737931946,3.26784636811087,..,..,..
Monaco,MCO,CO2 emissions (metric tons per capita),EN.ATM.CO2E.PC,..,..,..,..,..,..,..,..,..,..,..,..,..,..,..,..,..,..,..,..
Mongolia,MNG,CO2 emissions (metric tons per capita),EN.ATM.CO2E.PC,3.76732550575287,4.32084727782108,4.81132726028788,4.99742290098835,4.92595164485037,5.11434488825757,5.2954649734322,5.73241815230519,6.13873838836048,6.46156111815428,6.24288838830339,5.83543497274137,5.99850473089282,6.32277465011644,6.80965906666612,7.16083565614723,6.43064533509798,..,..,..
Montenegro,MNE,CO2 emissions (metric tons per capita),EN.ATM.CO2E.PC,3.32806342677055,3.26375921635917,3.54343319377261,3.40718489953318,4.36537330076552,2.82632534037206,4.17191344272458,4.08964019100792,3.7570032919702,3.64983008884317,3.567649281935,3.79179598784234,3.45603347565414,3.64251019886788,4.01830843084598,4.18164455619361,4.06756091201437,..,..,..
Morocco,MAR,CO2 emissions (metric tons per capita),EN.ATM.CO2E.PC,1.36545897238466,1.43204654115934,1.45918230136508,1.48373657770064,1.53722814281097,1.52188893650217,1.59401556113047,1.69961134156983,1.74129604584338,1.70383108247846,1.71369617616228,1.74053353043953,1.71730556958241,1.7736629145678,1.78932796096006,1.95530801659126,1.81852638730999,..,..,..
Mozambique,MOZ,CO2 emissions (metric tons per capita),EN.ATM.CO2E.PC,0.0969818290072244,0.0845623848344035,0.0897473772884255,0.104823600822029,0.102478438306785,0.111170735751221,0.116175443382067,0.138646533241141,0.148679264792307,0.164364969672772,0.18523579360939,0.204084856205542,0.261542138205007,0.250697939802182,0.233657167828116,0.248639658557146,0.222767552715213,..,..,..
Myanmar,MMR,CO2 emissions (metric tons per capita),EN.ATM.CO2E.PC,0.216910373441494,0.227478686982198,0.2091549386863,0.216851268391565,0.163014237416746,0.150382011234084,0.164631248113522,0.1745754281967,0.238240390408375,0.268370130397576,0.333541952061969,0.369707459697779,0.421272122408643,0.621496099866699,0.622498220579214,0.640928810767197,0.634080348390974,..,..,..
Namibia,NAM,CO2 emissions (metric tons per capita),EN.ATM.CO2E.PC,1.22547831655672,1.28663968230113,1.25407866269195,1.26617456097265,1.43724565279669,1.45078216313115,1.47837034856386,1.54937767898178,1.6182000212229,1.70668311779035,1.75305316404228,1.81245575422832,1.78707315981392,1.78639850389125,1.77883176482325,1.76417165717612,1.58804514727825,..,..,..
Nauru,NRU,CO2 emissions (metric tons per capita),EN.ATM.CO2E.PC,6.192549588776,6.05737546036053,4.28404896055955,4.04207655595598,4.12964951674314,3.94801133587413,4.16951469583049,3.89964018282602,4.03102259670624,4.42304095754629,4.62522851919561,4.87259722843093,4.60785170936434,4.79369970895395,4.52868165045287,4.40158259149357,3.36175395858709,..,..,..
Nepal,NPL,CO2 emissions (metric tons per capita),EN.ATM.CO2E.PC,0.108045061589646,0.121308223553183,0.0986501323901293,0.100832327137563,0.111411011212749,0.143664057282694,0.17086274882447,0.190681578451192,0.219452897902995,0.222332150237633,0.259710599034175,0.260272198896608,0.38532817662536,0.470677340646946,0.531081943087649,0.480724943133609,0.509366247354604,..,..,..
Netherlands,NLD,CO2 emissions (metric tons per capita),EN.ATM.CO2E.PC,10.5711114246177,10.2896665585776,10.0147857889781,10.0447841297995,10.0465760036747,9.70868318396398,10.2983113129908,9.51101037472188,9.39861278109733,9.34814101422768,8.88190506639546,9.29024293675951,9.30689240374546,9.08926563407696,8.78514410481566,8.41396927991521,7.4715534787719,..,..,..
New Caledonia,NCL,CO2 emissions (metric tons per capita),EN.ATM.CO2E.PC,..,..,..,..,..,..,..,..,..,..,..,..,..,..,..,..,..,..,..,..
New Zealand,NZL,CO2 emissions (metric tons per capita),EN.ATM.CO2E.PC,8.03329663608563,8.28084859333801,8.1885723844573,7.87691178559591,8.02042349406075,7.24438711476781,7.13662169306089,6.90935218978102,7.28372768312879,7.17802390761126,7.07864496844902,7.00334099882848,6.61540909187332,6.84049360146252,6.61327184426397,6.83005302056555,6.16079918274331,..,..,..
Nicaragua,NIC,CO2 emissions (metric tons per capita),EN.ATM.CO2E.PC,0.841387369219581,0.795409004894514,0.822378920364548,0.837510363439515,0.791702298837641,0.761527449559745,0.770731730642136,0.802045854702516,0.777036208792913,0.73100554811199,0.766443602468546,0.839345517843812,0.846846296935392,0.837724433734761,0.764549887382264,0.770101819888702,0.678252104273379,..,..,..
Niger,NER,CO2 emissions (metric tons per capita),EN.ATM.CO2E.PC,0.0581178786231796,0.0535624079904608,0.0513407152634762,0.0546061843861872,0.0552636899938047,0.067045498121171,0.0817572298807097,0.0809715287385744,0.105019898457242,0.105880498031464,0.111334835913292,0.104907441945409,0.100195284876599,0.0874508612184734,0.0866494651340312,0.092100576055693,0.0903255776910309,..,..,..
Nigeria,NGA,CO2 emissions (metric tons per capita),EN.ATM.CO2E.PC,0.721900961039991,0.702672735926291,0.615033916358375,0.547038886825571,0.570485433544452,0.491376017988942,0.559512915251027,0.574122748158516,0.560545509755019,0.618778681422468,0.640072080671911,0.58559167537452,0.587371085185034,0.560638215463648,0.572783212388204,0.588005207479626,0.537510175389551,..,..,..
North Macedonia,MKD,CO2 emissions (metric tons per capita),EN.ATM.CO2E.PC,4.23700987904886,4.42909645793959,4.43913037591881,4.70419323295341,4.62593577557719,4.34571075290665,4.27971461718606,4.72649398832868,4.55943841423635,4.08911144443589,3.88144915640057,3.7345680626219,3.65244322417148,3.91655786168855,3.67941363150068,4.24039926193677,3.66177044206098,..,..,..
Northern Mariana Islands,MNP,CO2 emissions (metric tons per capita),EN.ATM.CO2E.PC,..,..,..,..,..,..,..,..,..,..,..,..,..,..,..,..,..,..,..,..
Norway,NOR,CO2 emissions (metric tons per capita),EN.ATM.CO2E.PC,8.13491553623656,7.86591196617302,7.98394739648339,8.01844832818131,7.73304542667147,7.75345298117972,8.20501786367322,7.88827091301427,7.72532351327758,7.80116949624017,7.71680157719176,7.76485866052295,7.56103855960786,7.42375166951931,7.26131587924207,7.04232094266605,6.7250800496331,..,..,..
Oman,OMN,CO2 emissions (metric tons per capita),EN.ATM.CO2E.PC,12.6604843135786,12.3307087490736,15.3035812405371,16.2191733507311,15.5842940927067,16.1610758258367,16.3350814771017,16.7204158572066,17.1257381039994,16.5105274741398,16.558313527136,16.7307842785492,16.4157459976763,15.7717971559632,16.3795758327742,16.4563584347506,15.6362010028175,..,..,..
Pakistan,PAK,CO2 emissions (metric tons per capita),EN.ATM.CO2E.PC,0.693317062862858,0.697409169212382,0.742989902217322,0.80150437774136,0.756912387652784,0.764440547930542,0.72190976009205,0.713434272995773,0.711250896926277,0.710993636907017,0.740619420271711,0.778086202855925,0.848207168777178,0.918472672488548,0.850427079681196,0.824459652346009,0.81036021551031,..,..,..
Palau,PLW,CO2 emissions (metric tons per capita),EN.ATM.CO2E.PC,10.9408750690712,11.4315969946044,11.6570671288037,11.5356810905711,11.1454297979269,10.8679485817486,11.5857605177994,11.655701754386,12.3704446673353,12.4178601516428,12.2387053270398,11.2903225806452,11.6692860350247,11.9414699781353,11.8618450515002,12.1344050011163,8.80258179390162,..,..,..
Panama,PAN,CO2 emissions (metric tons per capita),EN.ATM.CO2E.PC,1.7295596999486,2.15265703288819,2.2235825080828,2.180985390548,2.08781795772351,2.44384989027469,2.53630557534088,2.7094018067197,2.78614766667856,2.68275540120307,2.76643678385556,2.68123188224505,2.64568083736678,2.47466896871459,2.38131879080632,3.09505043316861,2.23144302481653,..,..,..
Papua New Guinea,PNG,CO2 emissions (metric tons per capita),EN.ATM.CO2E.PC,0.732731346988145,0.665336373475915,0.647772724108358,0.68446103533762,0.66688260053113,0.686244800506598,0.664884761439954,0.663473913286861,0.611184513386519,0.633608578219704,0.6896023736811,0.733652654277604,0.737248612763731,0.713597978495624,0.762549780383734,0.782552890305524,0.563251566211675,..,..,..
Paraguay,PRY,CO2 emissions (metric tons per capita),EN.ATM.CO2E.PC,0.733652565836165,0.675293479241276,0.714513498985939,0.665546242539326,0.765825802972748,0.801024239229513,0.8742656163622,0.892890907998869,0.874070327427751,0.882701828211158,0.924028534552806,1.03068169862171,1.14776478210326,1.24632517460731,1.29748167406657,1.24066887329392,1.14459119207034,..,..,..
Peru,PER,CO2 emissions (metric tons per capita),EN.ATM.CO2E.PC,1.11985372004664,1.11171716955682,1.08676985419652,1.18209589261852,1.32931868624742,1.41921946066586,1.53948542250294,1.64284749150045,1.61752150592736,1.65625408117878,1.75159405113357,1.7763005780535,1.8263804846975,1.71724301281113,1.69513088210562,1.73564177469023,1.39856601861908,..,..,..
Philippines,PHL,CO2 emissions (metric tons per capita),EN.ATM.CO2E.PC,0.883116734531611,0.883249431233607,0.788442016028448,0.817880457554823,0.822328627546436,0.821133982114163,0.865602879221275,0.856822588631331,0.878944848360567,0.957913716180866,1.00490794980017,1.07725351401488,1.15275130744364,1.25031454207887,1.28139072984074,1.32152779028498,1.18967945167284,..,..,..
Poland,POL,CO2 emissions (metric tons per capita),EN.ATM.CO2E.PC,7.90561638869524,7.89596453021837,8.2349912497663,8.22063999059825,8.08705998482548,7.79155465630107,8.24700467583953,8.15993272251677,7.96968428583604,7.84182079398329,7.5168891922455,7.6100211833642,7.89575225360953,8.23624313643991,8.20953133332017,7.76885578278686,7.36756337292709,..,..,..
Portugal,PRT,CO2 emissions (metric tons per capita),EN.ATM.CO2E.PC,5.92613732669672,6.23362305097526,5.7447581742678,5.57695160488075,5.38392186454158,5.32724112144616,4.81763153663542,4.72343041384562,4.58592633423758,4.45193522799156,4.41600098143824,4.81285327506769,4.71603567572635,5.1719561566168,4.8096126128982,4.33244804259817,3.78490758691711,..,..,..
Puerto Rico,PRI,CO2 emissions (metric tons per capita),EN.ATM.CO2E.PC,..,..,..,..,..,..,..,..,..,..,..,..,..,..,..,..,..,..,..,..
Qatar,QAT,CO2 emissions (metric tons per capita),EN.ATM.CO2E.PC,47.6569620139265,45.4060868848016,43.2885740744389,40.6094522819758,36.8899456267738,33.7273035520663,35.5482683436981,37.9794930746587,39.5821395212157,37.6028800771898,37.1050343988277,35.2904219503821,33.5495686981102,32.2566382287485,31.4809674373955,31.8772030129291,31.7268424513247,..,..,..
Romania,ROU,CO2 emissions (metric tons per capita),EN.ATM.CO2E.PC,4.44422058286346,4.44110220202597,4.68318505069417,4.63193427068988,4.6455195583769,3.96215792355729,3.83278482882614,4.17170285108923,4.08034984483774,3.60747135176666,3.5933033029971,3.69982946782982,3.63334838574668,3.78830872775473,3.86106171468889,3.81706295716296,3.56413750145988,..,..,..
Russian Federation,RUS,CO2 emissions (metric tons per capita),EN.ATM.CO2E.PC,11.1127113661228,11.2318521528474,11.568369096945,11.6112690474096,11.5956540891301,10.8321086278404,11.3254009458404,11.8801890906258,11.6876415881391,11.3533775358655,11.1757607812513,11.010450197163,10.8368949076188,10.9747024741547,11.4238076801358,11.7122733235372,11.1416527318351,..,..,..
Rwanda,RWA,CO2 emissions (metric tons per capita),EN.ATM.CO2E.PC,0.075335654497408,0.0794234713474482,0.0777017121560947,0.0686053212544397,0.0667900498016969,0.0667958549691215,0.0682585977285353,0.0695920140169191,0.0751019295161939,0.0814036130740856,0.0812705266531034,0.0927977157696768,0.0962207458130356,0.102654554383161,0.111987033315544,0.113057797770289,0.105124140047262,..,..,..
Samoa,WSM,CO2 emissions (metric tons per capita),EN.ATM.CO2E.PC,0.93048975663705,0.949497948321016,0.935161765560067,0.978065708375771,0.883792957812573,0.913156913902348,0.988329086874332,0.998212384963662,0.999878863741899,0.983800059018,1.02747364403713,1.14112520938641,1.20022963453081,1.22910947358282,1.18597431581156,1.31521200537977,0.960782397908146,..,..,..
San Marino,SMR,CO2 emissions (metric tons per capita),EN.ATM.CO2E.PC,..,..,..,..,..,..,..,..,..,..,..,..,..,..,..,..,..,..,..,..
Sao Tome and Principe,STP,CO2 emissions (metric tons per capita),EN.ATM.CO2E.PC,0.47242496686684,0.49480455220188,0.492985367325388,0.481615590685625,0.50860899749431,0.526587622383904,0.564407207721618,0.5401947926297,0.624986836839999,0.62604189784111,0.603553471698304,0.614546250074581,0.628933891082529,0.64604203118691,0.650598077068665,0.6533115252168,0.645350140184137,..,..,..
Saudi Arabia,SAU,CO2 emissions (metric tons per capita),EN.ATM.CO2E.PC,12.6739850141629,12.9231002796827,13.2149871153262,13.4324426740113,14.2037535472172,14.2722088631653,15.1683862693943,15.3813984934801,15.9780157664397,15.9839190651263,16.8252361265938,17.2577930743373,16.795103103967,16.0777919021258,15.0655004937014,14.7030166496769,14.2665853675408,..,..,..
Senegal,SEN,CO2 emissions (metric tons per capita),EN.ATM.CO2E.PC,0.503818644729528,0.516326824254694,0.494469381190578,0.536334335852473,0.542081907505722,0.546632566433421,0.560744784507668,0.588029711367301,0.563383773056991,0.589383332771876,0.613587044752342,0.64679457579979,0.686906342711816,0.646584895307648,0.65339707602786,0.768574983933597,0.649800561203009,..,..,..
Serbia,SRB,CO2 emissions (metric tons per capita),EN.ATM.CO2E.PC,7.70482250339903,6.81180937077875,7.15219678856123,6.97189585046777,6.77882926529294,6.4029553026053,6.4601677913651,7.08176650609841,6.36056538914641,6.48682910923473,5.4666972205331,6.39995050302429,6.60709443405954,6.7431359528992,6.61535438641515,6.62757991630233,6.71451717217514,..,..,..
Seychelles,SYC,CO2 emissions (metric tons per capita),EN.ATM.CO2E.PC,4.64625644134586,4.60909025079051,4.59810874704492,4.7569767031623,4.80242881457289,5.13528374075007,4.94263116854183,4.66829061881726,4.79825147503482,4.58259680485608,4.99896014623628,5.35008938224558,5.97399579623351,5.95452980395021,6.22455096008764,6.09782330345711,6.08051837257013,..,..,..
Sierra Leone,SLE,CO2 emissions (metric tons per capita),EN.ATM.CO2E.PC,0.0962530874271167,0.0785630406377665,0.101656277851772,0.0847257433412755,0.0852753141592485,0.08271774271619,0.0870322019147085,0.111139929087614,0.125902488986294,0.148000124625638,0.159312379983553,0.148261607024579,0.156233465747467,0.145879585519628,0.132764621949018,0.129094346244259,0.127277607278142,..,..,..
Singapore,SGP,CO2 emissions (metric tons per capita),EN.ATM.CO2E.PC,9.50851808545158,8.65059982249361,8.44547089368866,8.34372321486362,7.93975115902894,7.78571060513801,8.35450837270906,8.63611004366003,8.22453047443198,8.13316955483092,8.11713717182074,8.20810904856042,8.0198912735455,8.43229982682534,8.01821207673574,7.91841038479591,7.68668370206727,..,..,..
Sint Maarten (Dutch part),SXM,CO2 emissions (metric tons per capita),EN.ATM.CO2E.PC,..,..,..,..,..,..,..,..,..,..,..,..,..,..,..,..,..,..,..,..
Slovak Republic,SVK,CO2 emissions (metric tons per capita),EN.ATM.CO2E.PC,6.96733975146493,7.16912034993998,7.04874732321693,6.91961220714685,6.89637351644742,6.29527369455626,6.57195088202977,6.3198357137988,5.98180812522572,6.08128765083193,5.6172857847039,5.67013797150744,5.79984746256443,6.17302222078411,6.05957180869179,5.68970729978492,5.31905480792852,..,..,..
Slovenia,SVN,CO2 emissions (metric tons per capita),EN.ATM.CO2E.PC,7.86154514845179,7.95636434165103,8.11896945887821,8.06859050146621,8.58851362181866,7.60378277063582,7.70151856185471,7.64831991535641,7.35169230963674,7.06234559720537,6.35927603565505,6.36758061788265,6.73255071809677,6.83497000563302,6.78573736169737,6.54333372438511,5.93473517885826,..,..,..
Solomon Islands,SLB,CO2 emissions (metric tons per capita),EN.ATM.CO2E.PC,0.606844219294806,0.610794924619574,0.616095494801694,0.621657131419943,0.626355375280281,0.631828627615174,0.634351972819831,0.642742464165166,0.626317671281855,0.667965966361303,0.570328520611006,0.496360134495479,0.474604443227374,0.458335016484524,0.456428451161852,0.451560238402472,0.323065549175264,..,..,..
Somalia,SOM,CO2 emissions (metric tons per capita),EN.ATM.CO2E.PC,0.0570801417050347,0.0554680236301806,0.0539268851206211,0.0560887605535194,0.0540591548877357,0.0523783514067347,0.0524834473842215,0.0517728115714403,0.0502961096035586,0.0505271937683646,0.0485302122924421,0.046948882097858,0.0457851399374806,0.0440588174785614,0.0425732267936332,0.041029202880867,0.0399346532651356,..,..,..
South Africa,ZAF,CO2 emissions (metric tons per capita),EN.ATM.CO2E.PC,7.82476407533056,7.70429784499698,7.67271219877509,7.94385857423182,8.44664968496897,7.90204894086135,8.21761222731227,7.8080537418251,8.03464925875575,8.11643495398564,8.19115252745267,7.60718852417825,7.54458957113285,7.68370781068603,7.66737702463575,7.68890762322173,6.68756314737781,..,..,..
South Sudan,SSD,CO2 emissions (metric tons per capita),EN.ATM.CO2E.PC,0.130103732507799,0.119020541055358,0.124374630753008,0.139370794444122,0.140426225718187,0.139846068148503,0.135185668231934,0.125081131987055,0.132559567705925,0.130838820817266,0.13551783759334,0.175928836633719,0.156351308793835,0.141871639801971,0.170162964539169,0.174641876951273,0.16430913651009,..,..,..
Spain,ESP,CO2 emissions (metric tons per capita),EN.ATM.CO2E.PC,7.81792835567954,8.02919743143422,7.69812924965131,7.84232084677752,7.05647934920114,6.21468704771263,5.88576349343324,5.89332917610638,5.77854920958231,5.22940078672168,5.20600921471327,5.5388552164426,5.34058533869093,5.68159077854133,5.52105983547843,5.13179880095904,4.2795945712141,..,..,..
Sri Lanka,LKA,CO2 emissions (metric tons per capita),EN.ATM.CO2E.PC,0.660231679843304,0.710810981430899,0.62428078801025,0.67691785132022,0.631515599480874,0.6000934359648,0.6324486029673,0.73875310927848,0.829817672208316,0.683729265092783,0.821974874404746,0.901775002944458,1.08130995719399,1.0759613709386,1.00093677895708,1.07452644131542,0.99668324284867,..,..,..
St. Kitts and Nevis,KNA,CO2 emissions (metric tons per capita),EN.ATM.CO2E.PC,4.70588235294118,4.35741037988229,4.48862909075394,4.77507178560034,4.69293409110187,4.8344118766654,4.83513701664452,4.9683697274122,4.80021790600708,4.75642179747524,4.77934252652284,4.97175141242938,5.1184397756759,5.08527780684315,5.13389585645192,5.18737424547284,4.84866294446077,..,..,..
St. Lucia,LCA,CO2 emissions (metric tons per capita),EN.ATM.CO2E.PC,2.53837395502895,2.48570011971993,2.59265933801886,2.62658341193185,2.63916571753986,2.6177455094055,2.97013484657911,2.91382264951059,2.92853677133153,2.91071284875099,2.89409853321434,2.85384032843079,2.86543508698339,2.99667537804169,2.96759758949451,2.9935660169221,2.78513922906543,..,..,..
St. Martin (French part),MAF,CO2 emissions (metric tons per capita),EN.ATM.CO2E.PC,..,..,..,..,..,..,..,..,..,..,..,..,..,..,..,..,..,..,..,..
St. Vincent and the Grenadines,VCT,CO2 emissions (metric tons per capita),EN.ATM.CO2E.PC,2.02738704177323,2.050105762966,2.04349035691529,2.21973579730022,2.07766779071032,2.6238164603059,2.13708054305266,2.06894013964656,2.22791743382401,2.10609585853886,2.50205776713559,2.31494524896227,2.40838783348905,2.13265876512331,2.39644380277543,2.24066943692577,2.100695771848,..,..,..
Sudan,SDN,CO2 emissions (metric tons per capita),EN.ATM.CO2E.PC,0.306185411467646,0.355307887181757,0.425288089184019,0.447880061413548,0.466535087012133,0.470141651330704,0.486883005962104,0.463009125259474,0.44955612934229,0.440480408496594,0.450190246828352,0.504548222221489,0.546080394961862,0.530471761090042,0.515971084018811,0.511922936509227,0.467953928316626,..,..,..
Suriname,SUR,CO2 emissions (metric tons per capita),EN.ATM.CO2E.PC,2.72823421574234,3.26849017860602,2.92950693743379,2.67315217844249,2.72595320055887,2.67926820460493,3.19526443012013,3.53661893774473,4.3748107455327,4.06032836419025,4.59905701777483,4.73365480689865,5.08189999879612,4.16014391746191,3.61542154063819,4.42581305045302,4.28507655687612,..,..,..
Sweden,SWE,CO2 emissions (metric tons per capita),EN.ATM.CO2E.PC,5.95909437572406,5.54650873817718,5.36698124168204,5.14361901913536,4.99187766286243,4.59865903318971,5.11674720514525,4.70430712060359,4.41169765995117,4.2069276640016,4.02150965696553,3.99217853401293,3.89911000460038,3.79492404723228,3.52974394445168,3.40159396635064,3.24298914312747,..,..,..
Switzerland,CHE,CO2 emissions (metric tons per capita),EN.ATM.CO2E.PC,6.12803762031226,6.16511913557878,6.07692424866387,5.76619326650613,5.87923780756897,5.63914682538914,5.77742182049657,5.20604499419771,5.31666112490889,5.38130029300267,4.85956840988056,4.71974534905117,4.73723860185747,4.57876628047857,4.40214372735655,4.35860986463416,4.04207281475341,..,..,..
Syrian Arab Republic,SYR,CO2 emissions (metric tons per capita),EN.ATM.CO2E.PC,2.56382891247498,3.07908222306419,3.09869658870578,3.07223516586119,3.03975601445446,2.7807801451582,2.73488652275989,2.53236444244891,1.99239329303561,1.42802640569067,1.32540815590414,1.31530673654782,1.29080229475964,1.35878908347847,1.46394362975738,1.33545948848982,1.21480248375323,..,..,..
Tajikistan,TJK,CO2 emissions (metric tons per capita),EN.ATM.CO2E.PC,0.381847096484681,0.356638517450566,0.380663350344751,0.454594080928542,0.415182916481617,0.322035092003905,0.321040533975073,0.329384665205447,0.378966218565172,0.392681964601966,0.550493445625862,0.575406352580923,0.629971308782098,0.757120729592937,0.887070870578997,0.960233171179232,0.977533024275801,..,..,..
Tanzania,TZA,CO2 emissions (metric tons per capita),EN.ATM.CO2E.PC,0.132470895674732,0.143510928953089,0.147716885723632,0.14158667253389,0.141657914028551,0.134869853866878,0.15317710653214,0.172778667783982,0.200641872348878,0.217202207763596,0.198919396160375,0.20489763178503,0.195708590682345,0.207213701977385,0.206899782120787,0.249877326981355,0.233945592120175,..,..,..
Thailand,THA,CO2 emissions (metric tons per capita),EN.ATM.CO2E.PC,3.2680460795938,3.37423596230768,3.38804748676955,3.47019249206688,3.47393164404612,3.31570541826282,3.52668193133932,3.47778492539808,3.7058564536533,3.80405746007947,3.73604169400633,3.82467609758428,3.7944702310621,3.76789668093416,3.71842785188273,3.84904375698898,3.71425580600412,..,..,..
Timor-Leste,TLS,CO2 emissions (metric tons per capita),EN.ATM.CO2E.PC,0.192919790822092,0.186420691768294,0.186011156647536,0.187764503679753,0.201423482085677,0.220920847645325,0.224256444272136,0.226779373499518,0.264047057334426,0.313717387467662,0.379632521121174,0.36257695015728,0.423743346600662,0.451885604893685,0.404249333317484,0.482334951008952,0.343155165981408,..,..,..
Togo,TGO,CO2 emissions (metric tons per capita),EN.ATM.CO2E.PC,0.31952027755247,0.306061509591801,0.267200522961268,0.248646680458507,0.252118045500172,0.441454287671849,0.400206638764854,0.372754817540399,0.322782996361148,0.246122099358183,0.217949578116298,0.24428530157446,0.300938972406183,0.257067706466296,0.272149541444365,0.296284380597868,0.286061843654428,..,..,..
Tonga,TON,CO2 emissions (metric tons per capita),EN.ATM.CO2E.PC,1.11771202254465,1.10950176554675,1.27036444109615,1.12342692098501,1.19047619047619,1.28891958485776,1.09607666017899,0.998039233907314,1.01672527022753,1.07107172538729,1.06353047099207,1.03560053523303,1.17210780742997,1.26073139496277,1.27627199239182,1.53881335099237,1.12204761814278,..,..,..
Trinidad and Tobago,TTO,CO2 emissions (metric tons per capita),EN.ATM.CO2E.PC,11.8251036606689,12.8407866625276,14.564836421024,14.7926759436507,14.3682200569643,13.5814460698078,15.2046095287798,15.663863889241,15.0290447902896,15.3993568533708,15.1752890578846,14.5945320327604,12.4489393124758,12.3255875293435,11.8054055634678,11.3130322937192,10.1571191722541,..,..,..
Tunisia,TUN,CO2 emissions (metric tons per capita),EN.ATM.CO2E.PC,2.2366592257748,2.26586643645994,2.33433153133698,2.39751918524781,2.43069066830955,2.40940148939627,2.59948014986237,2.42169337798191,2.60472546895878,2.53107797998705,2.71031069526259,2.73646000671928,2.59444326113349,2.60278104885237,2.59976480429423,2.57649522620126,2.4086225282388,..,..,..
Turkiye,TUR,CO2 emissions (metric tons per capita),EN.ATM.CO2E.PC,3.31343145965391,3.42047849263329,3.75112930667578,4.11880810019517,4.04219869374514,4.00208741889798,4.0717151464648,4.29298869232061,4.3870192475568,4.19039469964289,4.4268354475514,4.51829036460809,4.74783900221855,5.20587915001934,5.08691958023764,4.82896105858795,4.8858639260833,..,..,..
Turkmenistan,TKM,CO2 emissions (metric tons per capita),EN.ATM.CO2E.PC,10.242184724984,10.3550613771612,10.4796520165708,11.638514165672,11.6232814250278,10.1114137793462,11.2329986693166,12.1393386187277,12.2297836730551,11.4730953338027,10.9813404266741,11.0601514177487,10.9191162876214,10.7016590590785,10.4397215133356,10.2675361537537,10.1840862992321,..,..,..
Turks and Caicos Islands,TCA,CO2 emissions (metric tons per capita),EN.ATM.CO2E.PC,..,..,..,..,..,..,..,..,..,..,..,..,..,..,..,..,..,..,..,..
Tuvalu,TUV,CO2 emissions (metric tons per capita),EN.ATM.CO2E.PC,0.86814421407415,0.857546408393866,1.09670987038883,1.30062075081289,0.924844236760125,1.0184473481937,0.909952606635071,0.953271028037383,0.902892942693938,0.796849239787507,0.779888063125057,0.707915785602648,0.691116844821231,0.711119320280754,0.809940174873447,0.812340270171595,0.596259824735748,..,..,..
Uganda,UGA,CO2 emissions (metric tons per capita),EN.ATM.CO2E.PC,0.0600307580275667,0.072423867987033,0.0833934963221192,0.0968011803250538,0.0974045703648217,0.106877767208744,0.103024798180233,0.112452831050028,0.11020533625378,0.104732807028038,0.113169831612196,0.125731921963759,0.127652055126342,0.128890498774082,0.14131143398732,0.138373161893107,0.127793034826946,..,..,..
Ukraine,UKR,CO2 emissions (metric tons per capita),EN.ATM.CO2E.PC,6.47260433183048,6.27118411267417,6.4971956570033,6.71137021788412,6.5111779451634,5.46359176494747,5.86266090621906,6.19922694758856,6.07786549185186,5.94132317752821,5.25110191904936,4.23021939520472,4.47742669140061,3.89784637772829,4.1535326546639,3.92584183947876,3.7473878451278,..,..,..
United Arab Emirates,ARE,CO2 emissions (metric tons per capita),EN.ATM.CO2E.PC,27.5477739305378,27.2025438957737,24.8139704924766,22.4485000231583,22.3281490008492,19.6455390731778,19.1927959384897,19.4317803481083,20.2756524576141,21.1339160750868,21.1227744472553,21.9145018912965,22.2807027101609,21.1654979061116,19.060949529489,20.1533448325312,20.2522716801426,..,..,..
United Kingdom,GBR,CO2 emissions (metric tons per capita),EN.ATM.CO2E.PC,9.0530899520495,8.95540065872195,8.90861346574891,8.65103053672192,8.33782001535587,7.49069428853077,7.68956749367277,7.04484324001669,7.34426092596391,7.07610042765381,6.43334699951386,6.15937636059612,5.82450269116313,5.55329149720857,5.42512840439105,5.17584247261224,4.60114225090135,..,..,..
United States,USA,CO2 emissions (metric tons per capita),EN.ATM.CO2E.PC,19.5976167070584,19.4692725196123,18.9459168417477,19.0429117790575,18.278491260823,16.8086814210194,17.4317369879177,16.604189616843,15.789760151839,16.1111752638496,16.0409167568247,15.5600154435853,15.1498827249693,14.8232454359428,15.2225180998504,14.6733807134556,13.0322217290262,..,..,..
Uruguay,URY,CO2 emissions (metric tons per capita),EN.ATM.CO2E.PC,1.64762458578533,1.63241315804941,1.9059489832591,1.7588806997189,2.323083720459,2.29232727181387,1.87427799672558,2.26255839045084,2.52665795149583,2.17604504936147,1.91658248964667,1.95637850746058,1.91140810471485,1.78358950382795,1.91001452564632,1.98538155745128,1.89971905049917,..,..,..
Uzbekistan,UZB,CO2 emissions (metric tons per capita),EN.ATM.CO2E.PC,4.82672481620454,4.5549776435969,4.80805262710825,4.56232693166592,4.72054514555284,4.19673790127992,4.41981416127496,4.38433301294505,3.79990260121916,3.69856695058724,3.40963401034538,3.17449495030177,3.30740488383849,3.38725662733184,3.42032279304893,3.50466269708326,3.37630378548758,..,..,..
Vanuatu,VUT,CO2 emissions (metric tons per capita),EN.ATM.CO2E.PC,0.290459556919716,0.283046610792531,0.276328597766942,0.459830519608487,0.432139926138695,0.531939304682318,0.517818075150844,0.534035830541119,0.468301251782848,0.424613142896173,0.588677679520759,0.485823222567086,0.534217457929934,0.485806524967354,0.597044043350443,0.548284516629216,0.389174968317372,..,..,..
"Venezuela, RB",VEN,CO2 emissions (metric tons per capita),EN.ATM.CO2E.PC,5.32302926682947,5.5261010203502,5.44357091988619,5.17304625665806,5.40964428333197,5.38643327219689,5.71483455593382,5.5003686225388,6.1461208602821,6.04673480188247,5.93629544714916,5.34321708069607,4.89458472114406,4.57368123535075,4.36396145291438,3.71059907013341,2.54502797831961,..,..,..
Viet Nam,VNM,CO2 emissions (metric tons per capita),EN.ATM.CO2E.PC,1.03329525144851,1.11097272687199,1.13004962371265,1.24037972603117,1.37370198649277,1.52966615154763,1.73220165898548,1.76542002111917,1.74155084774441,1.82011205575892,1.98057545667748,2.18581455940173,2.38415951269911,2.44464478063074,3.01471126646524,3.56784836932601,3.67644008813984,..,..,..
Virgin Islands (U.S.),VIR,CO2 emissions (metric tons per capita),EN.ATM.CO2E.PC,..,..,..,..,..,..,..,..,..,..,..,..,..,..,..,..,..,..,..,..
West Bank and Gaza,PSE,CO2 emissions (metric tons per capita),EN.ATM.CO2E.PC,..,..,..,..,..,..,..,..,..,..,..,..,..,..,..,..,..,..,..,..
"Yemen, Rep.",YEM,CO2 emissions (metric tons per capita),EN.ATM.CO2E.PC,0.946723370004909,0.989912559506218,0.99782403024852,1.02776586996873,1.03802974186125,1.10566601867389,1.02780292197534,0.900865572993149,0.801288437486975,1.03116654082667,0.988347189221146,0.475239900205302,0.34280246342813,0.322370466733983,0.36861354015115,0.354864476911382,0.308514614308256,..,..,..
Zambia,ZMB,CO2 emissions (metric tons per capita),EN.ATM.CO2E.PC,0.188254600448336,0.198281519809561,0.181889304883813,0.159779740048297,0.170069694419171,0.18660337629571,0.192639460049771,0.213846892998885,0.273339673256579,0.278215075625981,0.297754583504815,0.305054765965277,0.316995214805364,0.393726369451731,0.440527424110472,0.414336363523101,0.40190271250386,..,..,..
Zimbabwe,ZWE,CO2 emissions (metric tons per capita),EN.ATM.CO2E.PC,0.795361783410264,0.855305624579899,0.794112804925027,0.783442169064094,0.614453130260064,0.597225037283682,0.741290479401852,0.871932094687575,0.901213848338952,0.901248223773483,0.866838489398591,0.846962441443576,0.723061926681678,0.663069149889218,0.73543480467685,0.663338328142275,0.530483547000938,..,..,..
Africa Eastern and Southern,AFE,CO2 emissions (metric tons per capita),EN.ATM.CO2E.PC,1.03247558584141,1.00806527896429,0.996423294294411,1.01324862674819,1.0536629577756,0.990734179791909,1.01748842169894,0.976840416537629,0.989584670174698,1.00115403954986,1.01375799854783,0.960429835565109,0.941337318704173,0.933873860430409,0.921453437400276,0.915293997560283,0.795419908400246,..,..,..
Africa Western and Central,AFW,CO2 emissions (metric tons per capita),EN.ATM.CO2E.PC,0.497074476698602,0.490733875302163,0.452812730778115,0.4268423571362,0.436976622026936,0.409795106242244,0.44781657746394,0.451578090414909,0.452100781989556,0.481623107360517,0.493504869344438,0.47557674926893,0.479775109144257,0.465165614080428,0.475817012806994,0.490837275046448,0.463150273298324,..,..,..
Arab World,ARB,CO2 emissions (metric tons per capita),EN.ATM.CO2E.PC,3.53231909468646,3.68772427908801,3.78771089433464,3.84041875041345,4.0410630061134,4.06896311884473,4.20845277164622,4.20948386437407,4.40120853010497,4.38623074399608,4.43951077811138,4.4505246086133,4.40299930644354,4.35068367804768,4.22233304211785,4.18115800303134,3.92907774447049,..,..,..
Caribbean small states,CSS,CO2 emissions (metric tons per capita),EN.ATM.CO2E.PC,12.8364902295136,13.2873505007734,14.5271860207575,14.6738521051246,13.6531668787424,12.6640717188472,13.3910173845795,13.7798696948892,13.4946264008373,13.8525735226175,13.6074799038644,13.2271597788537,12.4356780446118,12.037620526869,12.3610823169635,12.1716627178458,10.552169300927,..,..,..
Central Europe and the Baltics,CEB,CO2 emissions (metric tons per capita),EN.ATM.CO2E.PC,6.91328164025868,6.93186300650504,7.12272315896608,7.20106107163088,7.0507649848527,6.53413641493514,6.78421837996556,6.8107074816472,6.5648993347959,6.32353812069195,6.13970975682107,6.2441332568052,6.3766056984253,6.65838797591725,6.61650818189169,6.28536421374848,5.85720584954467,..,..,..
Early-demographic dividend,EAR,CO2 emissions (metric tons per capita),EN.ATM.CO2E.PC,1.67139574629923,1.71410705012747,1.77833420957962,1.85517074991919,1.89661419467673,1.92368484044343,1.98800503052248,2.03443806341996,2.10323652756067,2.09709249372136,2.17253222359413,2.1607220325704,2.16677218947559,2.21840131363666,2.24199458231456,2.20339261307625,2.01685678303252,..,..,..
East Asia & Pacific,EAS,CO2 emissions (metric tons per capita),EN.ATM.CO2E.PC,3.88704186222396,4.20917565066375,4.4737465320117,4.74531036102746,4.79539021617903,4.97311448645439,5.36756855880796,5.75254159011402,5.85765336713023,6.0103727919808,5.98734943659413,5.88806270028322,5.86409360256956,5.96007585412719,6.16608732498428,6.24645347488176,6.22188839531445,..,..,..
East Asia & Pacific (excluding high income),EAP,CO2 emissions (metric tons per capita),EN.ATM.CO2E.PC,3.23700194652932,3.60332654313526,3.91139449404275,4.19189560362425,4.2827093730175,4.50942389520263,4.90272606059167,5.29973094749981,5.40153392990138,5.57599671571376,5.59047639268977,5.49049002043894,5.46786802103307,5.57841325041643,5.83173007219231,5.9514581201804,5.98229692616459,..,..,..
East Asia & Pacific (IDA & IBRD countries),TEA,CO2 emissions (metric tons per capita),EN.ATM.CO2E.PC,3.23870581199383,3.60819618758768,3.9197577535373,4.21102503201239,4.29934496530609,4.53817382702342,4.93833533863898,5.34777265424774,5.45002518836357,5.63202532448044,5.64479474182175,5.546539490897,5.52208528298122,5.62120068150919,5.87971393546706,5.99837070230219,6.03116979498631,..,..,..
Euro area,EMU,CO2 emissions (metric tons per capita),EN.ATM.CO2E.PC,8.2951727686342,8.22997896556618,8.14243137925305,7.99043943994074,7.78205121454101,7.17800487049093,7.34903837154896,7.10108943442626,6.99814554350166,6.83064207836172,6.44544585604167,6.56465145398916,6.5459270966135,6.54231287055773,6.36328124741579,6.04747348079221,5.39782521515732,..,..,..
Europe & Central Asia,ECS,CO2 emissions (metric tons per capita),EN.ATM.CO2E.PC,7.80500781660379,7.77548122551457,7.88958477024503,7.86307731482555,7.77264878675487,7.15886991111788,7.40062707002159,7.39949908551457,7.29254197046098,7.10611803693006,6.76049200432701,6.69604913204839,6.6940898129369,6.74128867570004,6.72848147948402,6.55047590036967,6.10988342298582,..,..,..
Europe & Central Asia (excluding high income),ECA,CO2 emissions (metric tons per capita),EN.ATM.CO2E.PC,12.3138651912605,12.3194293871297,12.7552404203573,12.9554214891553,13.0374907506573,11.9326033882729,12.418440263368,12.9807185838429,12.7168502192715,12.3761109326448,11.8749715986694,11.4704964098774,11.5005334268007,11.6574476316479,11.8894478503448,11.8213523506582,11.372298356559,..,..,..
Europe & Central Asia (IDA & IBRD countries),TEC,CO2 emissions (metric tons per capita),EN.ATM.CO2E.PC,7.17569865866311,7.20229994413136,7.48931851393069,7.60960448350739,7.66209767787773,7.05578711805628,7.3632766130277,7.6865190545959,7.54193949910367,7.34767448219921,7.07141357113905,6.88953298973749,6.94474055883671,7.08264662749483,7.22620922070509,7.17442150759647,6.90936530921092,..,..,..
European Union,EUU,CO2 emissions (metric tons per capita),EN.ATM.CO2E.PC,8.07966576541092,8.01189336851677,8.00553258074565,7.88368522540084,7.68003092612144,7.10127532992256,7.28294439895823,7.08167786367847,6.93467872027592,6.74430575586331,6.40209041913854,6.51712339581019,6.52593346140103,6.57114687774115,6.41593946860533,6.10185210698654,5.50607043589747,..,..,..
Fragile and conflict affected situations,FCS,CO2 emissions (metric tons per capita),EN.ATM.CO2E.PC,1.2281487521089,1.21802402217792,1.19231877162758,1.1568839458926,1.16302031915747,1.07709666816227,1.13514053326713,1.11278479497801,1.13494920488023,1.12657879101072,1.07182669020531,0.951742058193019,0.943685073733965,0.913693352141142,0.925046043183163,0.892055680709241,0.774950951754809,..,..,..
Heavily indebted poor countries (HIPC),HPC,CO2 emissions (metric tons per capita),EN.ATM.CO2E.PC,0.181775759828033,0.18583517007159,0.195635020872343,0.204961979166486,0.209515114351819,0.217051454281397,0.227471563448789,0.239230139769302,0.245731046162073,0.250633679531986,0.258270680705877,0.267560243147637,0.273930517098976,0.275768158383611,0.279928376000999,0.28911370352903,0.268471052988447,..,..,..
High income,HIC,CO2 emissions (metric tons per capita),EN.ATM.CO2E.PC,10.3089782173599,10.291210627671,10.1845523196356,10.2402890971768,9.96167959451684,9.33571499746603,9.68433381760841,9.48222802907506,9.32576156643364,9.34264370310068,9.14549649666881,9.06767454425811,8.95070094818036,8.85451985834738,8.8307907551205,8.5439731948424,7.79438969111805,..,..,..
IBRD only,IBD,CO2 emissions (metric tons per capita),EN.ATM.CO2E.PC,3.04319852552316,3.22785533831121,3.41354050570915,3.58710458720239,3.65797472239028,3.71389498134108,3.95364214555771,4.17943524055004,4.2606080665938,4.3337513566317,4.3413544797474,4.254220592349,4.22939894724995,4.2942822878038,4.42506027774148,4.44129575343534,4.30518867886807,..,..,..
IDA & IBRD total,IBT,CO2 emissions (metric tons per capita),EN.ATM.CO2E.PC,2.4595261910926,2.59696157888204,2.73440408933973,2.86094916589628,2.90777564507892,2.93886357199555,3.11631011023674,3.27991054117151,3.32927008968218,3.37709511531548,3.37755283353162,3.30406770953267,3.28378059737052,3.32866652219663,3.41659175471921,3.41815099732284,3.29826458792097,..,..,..
IDA blend,IDB,CO2 emissions (metric tons per capita),EN.ATM.CO2E.PC,0.913437082954611,0.891523801325941,0.894426018748585,0.877725713779362,0.869756083164379,0.817613339774726,0.843178624972625,0.845104364312369,0.798840236768488,0.814695263761855,0.820318699924552,0.804401891077198,0.837939887603213,0.857999862146538,0.83892099130075,0.837034713030961,0.796458888364843,..,..,..
IDA only,IDX,CO2 emissions (metric tons per capita),EN.ATM.CO2E.PC,0.266647846825495,0.284782713853841,0.292612301763532,0.306661321614083,0.310505493636215,0.311372947072072,0.322038072851057,0.330035054836883,0.330849215064793,0.325061262084577,0.33612088303906,0.341513825080783,0.363940116118719,0.386612292035812,0.401069947315199,0.403989302722542,0.377941163632789,..,..,..
IDA total,IDA,CO2 emissions (metric tons per capita),EN.ATM.CO2E.PC,0.482881469844486,0.487599117393581,0.493724454277626,0.497542868277656,0.497623132339454,0.480983951845284,0.496919021715204,0.503039689098699,0.488009599004268,0.489430278720651,0.498559604481619,0.496585913911195,0.522360806849011,0.543799256870816,0.546796108350972,0.547832312551737,0.516721490165841,..,..,..
Late-demographic dividend,LTE,CO2 emissions (metric tons per capita),EN.ATM.CO2E.PC,4.22319609515944,4.56920570596623,4.88796621233135,5.15489415233433,5.27756246848258,5.37427993432855,5.79682416526245,6.2005029903234,6.29830083842643,6.46682777048745,6.42853364893344,6.31471963160037,6.27846120554869,6.37340999183709,6.59302478115087,6.69514227292838,6.68110003513383,..,..,..
Latin America & Caribbean,LCN,CO2 emissions (metric tons per capita),EN.ATM.CO2E.PC,2.42215635776199,2.47215902750013,2.51722001627694,2.5701308254806,2.61724542042281,2.52025690945108,2.66713972439823,2.74560443659244,2.83607052012255,2.87886170082819,2.86316460380317,2.81738301695433,2.72473533371275,2.66008366352002,2.5539450604018,2.51156127564112,2.21061802018334,..,..,..
Latin America & Caribbean (excluding high income),LAC,CO2 emissions (metric tons per capita),EN.ATM.CO2E.PC,2.23632491100123,2.27475060091093,2.32073103128445,2.38006329426616,2.41140463413209,2.31014594224059,2.44608438147572,2.52788995417141,2.58965821568854,2.63652646920541,2.63999587005208,2.61464648364906,2.5359465068338,2.4860427423862,2.38492445523739,2.36284404919676,2.11254497614329,..,..,..
Latin America & the Caribbean (IDA & IBRD countries),TLA,CO2 emissions (metric tons per capita),EN.ATM.CO2E.PC,2.44040009998013,2.4901846255881,2.53559886818722,2.58811640924616,2.63747311598652,2.53709936674907,2.68616745524448,2.76694492749326,2.85734656137968,2.90001225808063,2.88789120136898,2.83680378308233,2.74487929616149,2.67951693716626,2.56814022768695,2.5285762208961,2.22092378392995,..,..,..
Least developed countries: UN classification,LDC,CO2 emissions (metric tons per capita),EN.ATM.CO2E.PC,0.19419678586609,0.199392983253807,0.206332118738594,0.215300112270008,0.22286922964631,0.235934134471373,0.249283214147395,0.258922227068511,0.265094886052032,0.282083879861423,0.296455743191343,0.301371676152303,0.321375154665723,0.340305806076106,0.351311964624247,0.353815503047622,0.327343883787407,..,..,..
Low & middle income,LMY,CO2 emissions (metric tons per capita),EN.ATM.CO2E.PC,2.46331307690291,2.60530992642047,2.74452256971691,2.8737802972716,2.92245070566172,2.95666389067728,3.13541817849511,3.30143769554384,3.35103782758594,3.40106511475536,3.40552602333358,3.32949123357067,3.30880261502196,3.3583507117356,3.45004279181511,3.45643022759511,3.34174447976303,..,..,..
Low income,LIC,CO2 emissions (metric tons per capita),EN.ATM.CO2E.PC,0.40665733605952,0.436296834955932,0.443459198921625,0.420897293759812,0.437424208980335,0.395185577781438,0.384135322612114,0.346183893798546,0.315319966610681,0.280144623670182,0.282727022826767,0.24847082060284,0.249647648378528,0.291585253132772,0.290268282815497,0.294710864333515,0.269341050173669,..,..,..
Lower middle income,LMC,CO2 emissions (metric tons per capita),EN.ATM.CO2E.PC,1.24059286577233,1.26749719539,1.30908344871815,1.37227708790213,1.40249349004127,1.4342363255954,1.48246187611967,1.524741623394,1.5766613634169,1.59959592188071,1.66290506500492,1.64940428735727,1.6784062075045,1.72156434415548,1.78363735855662,1.76457636460716,1.63716838538812,..,..,..
Middle East & North Africa,MEA,CO2 emissions (metric tons per capita),EN.ATM.CO2E.PC,4.54968157220567,4.75056125139602,4.9115072352138,5.01762497405169,5.19531227330456,5.23934987794452,5.34841097027136,5.35149767012585,5.53731617151276,5.53726347657049,5.60389382794366,5.56914370245815,5.51644895108089,5.49626870834763,5.3763920192484,5.30136339830932,5.03381829765426,..,..,..
Middle East & North Africa (excluding high income),MNA,CO2 emissions (metric tons per capita),EN.ATM.CO2E.PC,3.12183616325742,3.29655042211076,3.39342001312737,3.46061294569157,3.52823834418393,3.58739932357979,3.58840567012064,3.54149448574175,3.64276193770441,3.65467415622558,3.66913512873128,3.56964338292971,3.55086029397737,3.63132673210673,3.63901411529123,3.55249417864834,3.32905608702325,..,..,..
Middle East & North Africa (IDA & IBRD countries),TMN,CO2 emissions (metric tons per capita),EN.ATM.CO2E.PC,3.15521545146269,3.33201657086547,3.43016501296733,3.49833481133556,3.56703020064562,3.62714355823638,3.62842097034067,3.58125188197206,3.68391959564472,3.69614868091498,3.71090674106023,3.61041375202359,3.59159428554842,3.67311090654464,3.681235313638,3.5940458476525,3.36834375922243,..,..,..
Middle income,MIC,CO2 emissions (metric tons per capita),EN.ATM.CO2E.PC,2.64984022464356,2.80515294001889,2.96025194144386,3.10780290728272,3.16347378871079,3.20918800023304,3.4110543934532,3.60220196487641,3.66452576576397,3.72744665640017,3.73613744672999,3.65998672585817,3.64178412707607,3.69731428541616,3.804958264467,3.81781954309081,3.69930515802139,..,..,..
North America,NAC,CO2 emissions (metric tons per capita),EN.ATM.CO2E.PC,19.3182011967722,19.2253642230666,18.7109189902055,18.8756277470172,18.1055534795403,16.6765660039991,17.2662565943967,16.54095876465,15.7815924244267,16.0812758463026,16.0192168692016,15.5661010476969,15.1744387579099,14.8937742910427,15.261702902199,14.7090994815287,13.0875310181176,..,..,..
Not classified,INX,CO2 emissions (metric tons per capita),EN.ATM.CO2E.PC,..,..,..,..,..,..,..,..,..,..,..,..,..,..,..,..,..,..,..,..
OECD members,OED,CO2 emissions (metric tons per capita),EN.ATM.CO2E.PC,10.6326962191749,10.5917135797659,10.4599939733463,10.51483225894,10.1705596971845,9.50943066945345,9.83334723189093,9.60759156105483,9.41482532457852,9.40225548968246,9.16499629449492,9.06003294248034,8.95251583272937,8.87858116955737,8.84541060069207,8.52039953106335,7.71869898525221,..,..,..
Other small states,OSS,CO2 emissions (metric tons per capita),EN.ATM.CO2E.PC,10.5419751001105,10.8169048043863,11.4306175285456,12.1733528326481,12.3594149000784,11.8725110498626,12.7087200872372,13.3274953791582,13.6389557172519,13.9369450484462,14.4106869852657,14.1153315058072,14.2426617288793,14.2211748073797,14.0282159274974,13.7487344591732,13.1146871508436,..,..,..
Pacific island small states,PSS,CO2 emissions (metric tons per capita),EN.ATM.CO2E.PC,1.1975453605077,1.06972471490729,1.12546259672477,1.10404936394861,0.960956799582146,0.942776593272233,1.07486700492439,1.04276057412847,1.01144978151835,1.05120952776065,1.10422449016924,1.09376143876063,1.07290462174925,1.12733635689941,1.15340212395219,1.16684476374863,0.848521068295038,..,..,..
Post-demographic dividend,PST,CO2 emissions (metric tons per capita),EN.ATM.CO2E.PC,11.940849653168,11.8823973732323,11.7115357223623,11.7661417730861,11.3734777995827,10.5839901093162,10.9707883216763,10.7122772815326,10.4776386873844,10.4958314731104,10.2137109828073,10.0400084107549,9.89738619583269,9.77262125686201,9.80206105543832,9.44264665336438,8.55084395133424,..,..,..
Pre-demographic dividend,PRE,CO2 emissions (metric tons per capita),EN.ATM.CO2E.PC,0.447934220421458,0.437685822795071,0.416996030658662,0.394548971812147,0.419367833126292,0.416652727911631,0.455614110753257,0.465767444006748,0.477038306660773,0.502682971091411,0.503899085691493,0.494322464370772,0.501718876327459,0.50260102145822,0.511820016758186,0.528941580214758,0.477024614654774,..,..,..
Small states,SST,CO2 emissions (metric tons per capita),EN.ATM.CO2E.PC,9.68634586970192,9.9372629799607,10.5818643165214,11.1240703494486,11.0687385438594,10.5638324345641,11.2894991464136,11.7810640884706,11.9482367903694,12.2226933153335,12.527404457229,12.2597291908104,12.2234820312677,12.1560008455926,12.07707955635,11.8505366177092,11.0945803239756,..,..,..
South Asia,SAS,CO2 emissions (metric tons per capita),EN.ATM.CO2E.PC,0.826339141753801,0.850563568863793,0.895275081347598,0.96944260343036,1.00958844663543,1.08714431333253,1.13131106701724,1.17934271705624,1.25701566778344,1.27815679797095,1.37049783833153,1.37095834981794,1.39303396152964,1.45386747789926,1.51696107701494,1.47864988572934,1.33779148421422,..,..,..
South Asia (IDA & IBRD),TSA,CO2 emissions (metric tons per capita),EN.ATM.CO2E.PC,0.826339141753801,0.850563568863793,0.895275081347598,0.96944260343036,1.00958844663543,1.08714431333253,1.13131106701724,1.17934271705624,1.25701566778344,1.27815679797095,1.37049783833153,1.37095834981794,1.39303396152964,1.45386747789926,1.51696107701494,1.47864988572934,1.33779148421422,..,..,..
Sub-Saharan Africa,SSF,CO2 emissions (metric tons per capita),EN.ATM.CO2E.PC,0.816417132496135,0.799086697445376,0.776663194493155,0.77607621524295,0.804146789664837,0.755561429077648,0.786758499485891,0.763961094591059,0.771660846445461,0.79053165759963,0.802872436697849,0.763983889704225,0.754344394374774,0.743930197496088,0.740879626496928,0.743359241170379,0.660876172775718,..,..,..
Sub-Saharan Africa (excluding high income),SSA,CO2 emissions (metric tons per capita),EN.ATM.CO2E.PC,0.815993983009184,0.798675051859196,0.776252935770852,0.775658270305901,0.803729190483464,0.755114663813346,0.786334412358849,0.763583522732896,0.771278211283012,0.790174495237313,0.802481826935624,0.763559115657305,0.753867413977909,0.743460744159245,0.740393855643969,0.742893122404203,0.660412632875853,..,..,..
Sub-Saharan Africa (IDA & IBRD countries),TSS,CO2 emissions (metric tons per capita),EN.ATM.CO2E.PC,0.816417132496135,0.799086697445376,0.776663194493155,0.77607621524295,0.804146789664837,0.755561429077647,0.786758499485891,0.763961094591058,0.771660846445461,0.79053165759963,0.802872436697849,0.763983889704225,0.754344394374774,0.743930197496088,0.740879626496928,0.743359241170379,0.660876172775718,..,..,..
Upper middle income,UMC,CO2 emissions (metric tons per capita),EN.ATM.CO2E.PC,3.96083790226946,4.24887917807794,4.52483910672505,4.76784819279055,4.86237594232434,4.93591107068345,5.3039686338368,5.65858320266487,5.74613517081059,5.86379193003182,5.83242699255498,5.70654527359529,5.65413487650227,5.73626718158644,5.90572702196748,5.96762041282032,5.87678956814815,..,..,..
World,WLD,CO2 emissions (metric tons per capita),EN.ATM.CO2E.PC,4.22372281869708,4.32973272369237,4.41709984339302,4.52826428575511,4.50380815254763,4.3914854392157,4.60492937876465,4.68950582813015,4.68534777048442,4.71956435074903,4.68223911436346,4.6014345417289,4.55825013785887,4.57797715079802,4.64165647774926,4.58201038256068,4.29168404460545,..,..,..
,,,,,,,,,,,,,,,,,,,,,,,
,,,,,,,,,,,,,,,,,,,,,,,
,,,,,,,,,,,,,,,,,,,,,,,
Data from database: World Development Indicators,,,,,,,,,,,,,,,,,,,,,,,
Last Updated: 06/28/2024,,,,,,,,,,,,,,,,,,,,,,,
